0 verbose cli C:\Program Files\nodejs\node.exe C:\Program Files\nodejs\node_modules\npm\bin\npm-cli.js
1 info using npm@11.13.0
2 info using node@v24.16.0
3 silly config load:file:C:\Program Files\nodejs\node_modules\npm\npmrc
4 silly config load:file:C:\Users\romil\Documents\Codex\2026-07-16\project-estatehub-local-real-estate-listing\.npmrc
5 silly config load:file:C:\Users\romil\.npmrc
6 silly config load:file:C:\Users\romil\AppData\Roaming\npm\etc\npmrc
7 verbose title npm install
8 verbose argv "install" "--cache" ".\\work\\npm-cache"
9 verbose logfile logs-max:10 dir:C:\Users\romil\Documents\Codex\2026-07-16\project-estatehub-local-real-estate-listing\work\npm-cache\_logs\2026-07-16T18_14_41_658Z-
10 verbose logfile C:\Users\romil\Documents\Codex\2026-07-16\project-estatehub-local-real-estate-listing\work\npm-cache\_logs\2026-07-16T18_14_41_658Z-debug-0.log
11 silly logfile done cleaning log files
12 silly packumentCache heap:2348810240 maxSize:587202560 maxEntrySize:293601280
13 silly idealTree buildDeps
14 silly fetch manifest @supabase/supabase-js@^2.49.1
15 silly packumentCache full:https://registry.npmjs.org/@supabase%2fsupabase-js cache-miss
16 http fetch GET 200 https://registry.npmjs.org/npm 406ms
17 http fetch GET 200 https://registry.npmjs.org/@supabase%2fsupabase-js 428ms (cache miss)
18 silly packumentCache full:https://registry.npmjs.org/@supabase%2fsupabase-js set size:undefined disposed:false
19 silly fetch manifest framer-motion@^12.9.2
20 silly packumentCache full:https://registry.npmjs.org/framer-motion cache-miss
21 http fetch GET 200 https://registry.npmjs.org/framer-motion 501ms (cache miss)
22 silly packumentCache full:https://registry.npmjs.org/framer-motion set size:undefined disposed:false
23 silly fetch manifest @emotion/is-prop-valid@*
24 silly packumentCache full:https://registry.npmjs.org/@emotion%2fis-prop-valid cache-miss
25 http fetch GET 200 https://registry.npmjs.org/@emotion%2fis-prop-valid 68ms (cache miss)
26 silly packumentCache full:https://registry.npmjs.org/@emotion%2fis-prop-valid set size:undefined disposed:false
27 silly fetch manifest react@^18.3.1
28 silly packumentCache full:https://registry.npmjs.org/react cache-miss
29 http fetch GET 200 https://registry.npmjs.org/react 249ms (cache miss)
30 silly packumentCache full:https://registry.npmjs.org/react set size:undefined disposed:false
31 silly fetch manifest react-dom@^18.3.1
32 silly packumentCache full:https://registry.npmjs.org/react-dom cache-miss
33 http fetch GET 200 https://registry.npmjs.org/react-dom 249ms (cache miss)
34 silly packumentCache full:https://registry.npmjs.org/react-dom set size:undefined disposed:false
35 silly fetch manifest lucide-react@^0.468.0
36 silly packumentCache full:https://registry.npmjs.org/lucide-react cache-miss
37 http fetch GET 200 https://registry.npmjs.org/lucide-react 154ms (cache miss)
38 silly packumentCache full:https://registry.npmjs.org/lucide-react set size:undefined disposed:false
39 silly fetch manifest next@14.2.28
40 silly packumentCache full:https://registry.npmjs.org/next cache-miss
41 http fetch GET 200 https://registry.npmjs.org/next 537ms (cache miss)
42 silly packumentCache full:https://registry.npmjs.org/next set size:undefined disposed:false
43 silly fetch manifest @opentelemetry/api@^1.1.0
44 silly packumentCache full:https://registry.npmjs.org/@opentelemetry%2fapi cache-miss
45 http fetch GET 200 https://registry.npmjs.org/@opentelemetry%2fapi 129ms (cache miss)
46 silly packumentCache full:https://registry.npmjs.org/@opentelemetry%2fapi set size:undefined disposed:false
47 silly fetch manifest @playwright/test@^1.41.2
48 silly packumentCache full:https://registry.npmjs.org/@playwright%2ftest cache-miss
49 http fetch GET 200 https://registry.npmjs.org/@playwright%2ftest 2005ms (cache miss)
50 silly packumentCache full:https://registry.npmjs.org/@playwright%2ftest set size:undefined disposed:false
51 silly fetch manifest sass@^1.3.0
52 silly packumentCache full:https://registry.npmjs.org/sass cache-miss
53 http fetch GET 200 https://registry.npmjs.org/sass 1667ms (cache miss)
54 silly packumentCache full:https://registry.npmjs.org/sass set size:undefined disposed:false
55 silly fetch manifest @types/node@^22.10.2
56 silly packumentCache full:https://registry.npmjs.org/@types%2fnode cache-miss
57 http fetch GET 200 https://registry.npmjs.org/@types%2fnode 1118ms (cache miss)
58 silly packumentCache full:https://registry.npmjs.org/@types%2fnode set size:undefined disposed:false
59 silly fetch manifest @types/react@^18.3.12
60 silly packumentCache full:https://registry.npmjs.org/@types%2freact cache-miss
61 http fetch GET 200 https://registry.npmjs.org/@types%2freact 1577ms (cache miss)
62 silly packumentCache full:https://registry.npmjs.org/@types%2freact set size:undefined disposed:false
63 silly fetch manifest @types/react-dom@^18.3.1
64 silly packumentCache full:https://registry.npmjs.org/@types%2freact-dom cache-miss
65 http fetch GET 200 https://registry.npmjs.org/@types%2freact-dom 124ms (cache miss)
66 silly packumentCache full:https://registry.npmjs.org/@types%2freact-dom set size:undefined disposed:false
67 silly fetch manifest autoprefixer@^10.4.20
68 silly packumentCache full:https://registry.npmjs.org/autoprefixer cache-miss
69 http fetch GET 200 https://registry.npmjs.org/autoprefixer 215ms (cache miss)
70 silly packumentCache full:https://registry.npmjs.org/autoprefixer set size:undefined disposed:false
71 silly fetch manifest postcss@^8.4.49
72 silly packumentCache full:https://registry.npmjs.org/postcss cache-miss
73 http fetch GET 200 https://registry.npmjs.org/postcss 128ms (cache miss)
74 silly packumentCache full:https://registry.npmjs.org/postcss set size:undefined disposed:false
75 silly fetch manifest tailwindcss@^3.4.16
76 silly packumentCache full:https://registry.npmjs.org/tailwindcss cache-miss
77 http fetch GET 200 https://registry.npmjs.org/tailwindcss 644ms (cache miss)
78 silly packumentCache full:https://registry.npmjs.org/tailwindcss set size:undefined disposed:false
79 silly fetch manifest typescript@^5.7.2
80 silly packumentCache full:https://registry.npmjs.org/typescript cache-miss
81 http fetch GET 200 https://registry.npmjs.org/typescript 668ms (cache miss)
82 silly packumentCache full:https://registry.npmjs.org/typescript set size:undefined disposed:false
83 silly placeDep ROOT @supabase/supabase-js@2.110.7 OK for: estatehub@0.1.0 want: ^2.49.1
84 silly placeDep ROOT @types/node@22.20.1 OK for: estatehub@0.1.0 want: ^22.10.2
85 silly placeDep ROOT @types/react@18.3.31 OK for: estatehub@0.1.0 want: ^18.3.12
86 silly placeDep ROOT @types/react-dom@18.3.7 OK for: estatehub@0.1.0 want: ^18.3.1
87 silly placeDep ROOT autoprefixer@10.5.4 OK for: estatehub@0.1.0 want: ^10.4.20
88 silly placeDep ROOT postcss@8.5.19 OK for: autoprefixer@10.5.4 want: ^8.1.0
89 silly placeDep ROOT framer-motion@12.42.2 OK for: estatehub@0.1.0 want: ^12.9.2
90 silly placeDep ROOT lucide-react@0.468.0 OK for: estatehub@0.1.0 want: ^0.468.0
91 silly placeDep ROOT react@18.3.1 OK for: lucide-react@0.468.0 want: ^16.5.1 || ^17.0.0 || ^18.0.0 || ^19.0.0-rc
92 silly placeDep ROOT next@14.2.28 OK for: estatehub@0.1.0 want: 14.2.28
93 silly placeDep ROOT react-dom@18.3.1 OK for: next@14.2.28 want: ^18.2.0
94 silly placeDep ROOT tailwindcss@3.4.19 OK for: estatehub@0.1.0 want: ^3.4.16
95 silly placeDep ROOT typescript@5.9.3 OK for: estatehub@0.1.0 want: ^5.7.2
96 silly fetch manifest @supabase/auth-js@2.110.7
97 silly packumentCache full:https://registry.npmjs.org/@supabase%2fauth-js cache-miss
98 silly fetch manifest @supabase/postgrest-js@2.110.7
99 silly packumentCache full:https://registry.npmjs.org/@supabase%2fpostgrest-js cache-miss
100 silly fetch manifest @supabase/storage-js@2.110.7
101 silly packumentCache full:https://registry.npmjs.org/@supabase%2fstorage-js cache-miss
102 silly fetch manifest @supabase/realtime-js@2.110.7
103 silly packumentCache full:https://registry.npmjs.org/@supabase%2frealtime-js cache-miss
104 silly fetch manifest @supabase/functions-js@2.110.7
105 silly packumentCache full:https://registry.npmjs.org/@supabase%2ffunctions-js cache-miss
106 silly fetch manifest undici-types@~6.21.0
107 silly packumentCache full:https://registry.npmjs.org/undici-types cache-miss
108 silly fetch manifest csstype@^3.2.2
109 silly packumentCache full:https://registry.npmjs.org/csstype cache-miss
110 http fetch GET 200 https://registry.npmjs.org/undici-types 241ms (cache miss)
111 silly packumentCache full:https://registry.npmjs.org/undici-types set size:undefined disposed:false
112 silly fetch manifest @types/prop-types@*
113 silly packumentCache full:https://registry.npmjs.org/@types%2fprop-types cache-miss
114 http fetch GET 200 https://registry.npmjs.org/csstype 267ms (cache miss)
115 silly packumentCache full:https://registry.npmjs.org/csstype set size:undefined disposed:false
116 silly fetch manifest picocolors@^1.1.1
117 silly packumentCache full:https://registry.npmjs.org/picocolors cache-miss
118 http fetch GET 200 https://registry.npmjs.org/@types%2fprop-types 70ms (cache miss)
119 silly packumentCache full:https://registry.npmjs.org/@types%2fprop-types set size:undefined disposed:false
120 silly fetch manifest fraction.js@^5.3.4
121 silly packumentCache full:https://registry.npmjs.org/fraction.js cache-miss
122 http fetch GET 200 https://registry.npmjs.org/picocolors 61ms (cache miss)
123 silly packumentCache full:https://registry.npmjs.org/picocolors set size:undefined disposed:false
124 silly fetch manifest browserslist@^4.28.6
125 silly packumentCache full:https://registry.npmjs.org/browserslist cache-miss
126 http fetch GET 200 https://registry.npmjs.org/@supabase%2fstorage-js 344ms (cache miss)
127 silly packumentCache full:https://registry.npmjs.org/@supabase%2fstorage-js set size:undefined disposed:false
128 silly fetch manifest caniuse-lite@^1.0.30001806
129 silly packumentCache full:https://registry.npmjs.org/caniuse-lite cache-miss
130 http fetch GET 200 https://registry.npmjs.org/@supabase%2ffunctions-js 374ms (cache miss)
131 silly packumentCache full:https://registry.npmjs.org/@supabase%2ffunctions-js set size:undefined disposed:false
132 silly fetch manifest postcss-value-parser@^4.2.0
133 silly packumentCache full:https://registry.npmjs.org/postcss-value-parser cache-miss
134 http fetch GET 200 https://registry.npmjs.org/fraction.js 84ms (cache miss)
135 silly packumentCache full:https://registry.npmjs.org/fraction.js set size:undefined disposed:false
136 silly fetch manifest nanoid@^3.3.12
137 silly packumentCache full:https://registry.npmjs.org/nanoid cache-miss
138 http fetch GET 200 https://registry.npmjs.org/@supabase%2frealtime-js 421ms (cache miss)
139 silly packumentCache full:https://registry.npmjs.org/@supabase%2frealtime-js set size:undefined disposed:false
140 silly fetch manifest source-map-js@^1.2.1
141 silly packumentCache full:https://registry.npmjs.org/source-map-js cache-miss
142 http fetch GET 200 https://registry.npmjs.org/@supabase%2fauth-js 445ms (cache miss)
143 silly packumentCache full:https://registry.npmjs.org/@supabase%2fauth-js set size:undefined disposed:false
144 silly fetch manifest motion-dom@^12.42.2
145 silly packumentCache full:https://registry.npmjs.org/motion-dom cache-miss
146 http fetch GET 200 https://registry.npmjs.org/browserslist 133ms (cache miss)
147 silly packumentCache full:https://registry.npmjs.org/browserslist set size:undefined disposed:false
148 silly fetch manifest motion-utils@^12.39.0
149 silly packumentCache full:https://registry.npmjs.org/motion-utils cache-miss
150 http fetch GET 200 https://registry.npmjs.org/@supabase%2fpostgrest-js 481ms (cache miss)
151 silly packumentCache full:https://registry.npmjs.org/@supabase%2fpostgrest-js set size:undefined disposed:false
152 silly fetch manifest tslib@^2.4.0
153 silly packumentCache full:https://registry.npmjs.org/tslib cache-miss
154 http fetch GET 200 https://registry.npmjs.org/postcss-value-parser 125ms (cache miss)
155 silly packumentCache full:https://registry.npmjs.org/postcss-value-parser set size:undefined disposed:false
156 silly fetch manifest loose-envify@^1.1.0
157 silly packumentCache full:https://registry.npmjs.org/loose-envify cache-miss
158 http fetch GET 200 https://registry.npmjs.org/source-map-js 96ms (cache miss)
159 silly packumentCache full:https://registry.npmjs.org/source-map-js set size:undefined disposed:false
160 silly fetch manifest busboy@1.6.0
161 silly packumentCache full:https://registry.npmjs.org/busboy cache-miss
162 http fetch GET 200 https://registry.npmjs.org/nanoid 128ms (cache miss)
163 silly packumentCache full:https://registry.npmjs.org/nanoid set size:undefined disposed:false
164 silly fetch manifest postcss@8.4.31
165 silly packumentCache full:https://registry.npmjs.org/postcss cache-miss
166 http fetch GET 200 https://registry.npmjs.org/motion-dom 100ms (cache miss)
167 silly packumentCache full:https://registry.npmjs.org/motion-dom set size:undefined disposed:false
168 silly fetch manifest @next/env@14.2.28
169 silly packumentCache full:https://registry.npmjs.org/@next%2fenv cache-miss
170 http cache https://registry.npmjs.org/postcss 37ms (cache hit)
171 silly packumentCache full:https://registry.npmjs.org/postcss set size:736604 disposed:false
172 silly fetch manifest styled-jsx@5.1.1
173 silly packumentCache full:https://registry.npmjs.org/styled-jsx cache-miss
174 http fetch GET 200 https://registry.npmjs.org/motion-utils 109ms (cache miss)
175 silly packumentCache full:https://registry.npmjs.org/motion-utils set size:undefined disposed:false
176 silly fetch manifest graceful-fs@^4.2.11
177 silly packumentCache full:https://registry.npmjs.org/graceful-fs cache-miss
178 http fetch GET 200 https://registry.npmjs.org/tslib 99ms (cache miss)
179 silly packumentCache full:https://registry.npmjs.org/tslib set size:undefined disposed:false
180 silly fetch manifest @swc/helpers@0.5.5
181 silly packumentCache full:https://registry.npmjs.org/@swc%2fhelpers cache-miss
182 http fetch GET 200 https://registry.npmjs.org/loose-envify 87ms (cache miss)
183 silly packumentCache full:https://registry.npmjs.org/loose-envify set size:undefined disposed:false
184 silly fetch manifest caniuse-lite@^1.0.30001579
185 silly packumentCache full:https://registry.npmjs.org/caniuse-lite cache-miss
186 http fetch GET 200 https://registry.npmjs.org/busboy 79ms (cache miss)
187 silly packumentCache full:https://registry.npmjs.org/busboy set size:undefined disposed:false
188 silly fetch manifest @next/swc-darwin-x64@14.2.28
189 silly packumentCache full:https://registry.npmjs.org/@next%2fswc-darwin-x64 cache-miss
190 http fetch GET 200 https://registry.npmjs.org/caniuse-lite 260ms (cache miss)
191 silly packumentCache full:https://registry.npmjs.org/caniuse-lite set size:undefined disposed:false
192 silly fetch manifest @next/swc-darwin-arm64@14.2.28
193 silly packumentCache full:https://registry.npmjs.org/@next%2fswc-darwin-arm64 cache-miss
194 http fetch GET 200 https://registry.npmjs.org/graceful-fs 71ms (cache miss)
195 silly packumentCache full:https://registry.npmjs.org/graceful-fs set size:undefined disposed:false
196 silly fetch manifest @next/swc-linux-x64-gnu@14.2.28
197 silly packumentCache full:https://registry.npmjs.org/@next%2fswc-linux-x64-gnu cache-miss
198 http fetch GET 200 https://registry.npmjs.org/styled-jsx 87ms (cache miss)
199 silly packumentCache full:https://registry.npmjs.org/styled-jsx set size:undefined disposed:false
200 silly fetch manifest @next/swc-linux-x64-musl@14.2.28
201 silly packumentCache full:https://registry.npmjs.org/@next%2fswc-linux-x64-musl cache-miss
202 http fetch GET 200 https://registry.npmjs.org/caniuse-lite 140ms (cache miss)
203 silly packumentCache full:https://registry.npmjs.org/caniuse-lite set size:undefined disposed:false
204 silly fetch manifest @next/swc-win32-x64-msvc@14.2.28
205 silly packumentCache full:https://registry.npmjs.org/@next%2fswc-win32-x64-msvc cache-miss
206 http fetch GET 200 https://registry.npmjs.org/@next%2fswc-darwin-arm64 330ms (cache miss)
207 silly packumentCache full:https://registry.npmjs.org/@next%2fswc-darwin-arm64 set size:undefined disposed:false
208 silly fetch manifest @next/swc-linux-arm64-gnu@14.2.28
209 silly packumentCache full:https://registry.npmjs.org/@next%2fswc-linux-arm64-gnu cache-miss
210 http fetch GET 200 https://registry.npmjs.org/@next%2fswc-linux-x64-gnu 434ms (cache miss)
211 silly packumentCache full:https://registry.npmjs.org/@next%2fswc-linux-x64-gnu set size:undefined disposed:false
212 silly fetch manifest @next/swc-win32-ia32-msvc@14.2.28
213 silly packumentCache full:https://registry.npmjs.org/@next%2fswc-win32-ia32-msvc cache-miss
214 http fetch GET 200 https://registry.npmjs.org/@next%2fswc-win32-x64-msvc 439ms (cache miss)
215 silly packumentCache full:https://registry.npmjs.org/@next%2fswc-win32-x64-msvc set size:undefined disposed:false
216 silly fetch manifest @next/swc-linux-arm64-musl@14.2.28
217 silly packumentCache full:https://registry.npmjs.org/@next%2fswc-linux-arm64-musl cache-miss
218 http fetch GET 200 https://registry.npmjs.org/@swc%2fhelpers 673ms (cache miss)
219 silly packumentCache full:https://registry.npmjs.org/@swc%2fhelpers set size:undefined disposed:false
220 silly fetch manifest @next/swc-win32-arm64-msvc@14.2.28
221 silly packumentCache full:https://registry.npmjs.org/@next%2fswc-win32-arm64-msvc cache-miss
222 http fetch GET 200 https://registry.npmjs.org/@next%2fenv 797ms (cache miss)
223 silly packumentCache full:https://registry.npmjs.org/@next%2fenv set size:undefined disposed:false
224 silly fetch manifest scheduler@^0.23.2
225 silly packumentCache full:https://registry.npmjs.org/scheduler cache-miss
226 http fetch GET 200 https://registry.npmjs.org/@next%2fswc-linux-x64-musl 791ms (cache miss)
227 silly packumentCache full:https://registry.npmjs.org/@next%2fswc-linux-x64-musl set size:undefined disposed:false
228 silly fetch manifest arg@^5.0.2
229 silly packumentCache full:https://registry.npmjs.org/arg cache-miss
230 http fetch GET 200 https://registry.npmjs.org/arg 87ms (cache miss)
231 silly packumentCache full:https://registry.npmjs.org/arg set size:undefined disposed:false
232 silly fetch manifest dlv@^1.1.3
233 silly packumentCache full:https://registry.npmjs.org/dlv cache-miss
234 http fetch GET 200 https://registry.npmjs.org/@next%2fswc-darwin-x64 1031ms (cache miss)
235 silly packumentCache full:https://registry.npmjs.org/@next%2fswc-darwin-x64 set size:undefined disposed:false
236 silly fetch manifest jiti@^1.21.7
237 silly packumentCache full:https://registry.npmjs.org/jiti cache-miss
238 http fetch GET 200 https://registry.npmjs.org/dlv 114ms (cache miss)
239 silly packumentCache full:https://registry.npmjs.org/dlv set size:undefined disposed:false
240 silly fetch manifest is-glob@^4.0.3
241 silly packumentCache full:https://registry.npmjs.org/is-glob cache-miss
242 http fetch GET 200 https://registry.npmjs.org/jiti 104ms (cache miss)
243 silly packumentCache full:https://registry.npmjs.org/jiti set size:undefined disposed:false
244 silly fetch manifest resolve@^1.22.8
245 silly packumentCache full:https://registry.npmjs.org/resolve cache-miss
246 http fetch GET 200 https://registry.npmjs.org/@next%2fswc-linux-arm64-gnu 809ms (cache miss)
247 silly packumentCache full:https://registry.npmjs.org/@next%2fswc-linux-arm64-gnu set size:undefined disposed:false
248 silly fetch manifest sucrase@^3.35.0
249 silly packumentCache full:https://registry.npmjs.org/sucrase cache-miss
250 http fetch GET 200 https://registry.npmjs.org/@next%2fswc-linux-arm64-musl 605ms (cache miss)
251 silly packumentCache full:https://registry.npmjs.org/@next%2fswc-linux-arm64-musl set size:undefined disposed:false
252 silly fetch manifest chokidar@^3.6.0
253 silly packumentCache full:https://registry.npmjs.org/chokidar cache-miss
254 http fetch GET 200 https://registry.npmjs.org/is-glob 163ms (cache miss)
255 silly packumentCache full:https://registry.npmjs.org/is-glob set size:undefined disposed:false
256 silly fetch manifest fast-glob@^3.3.2
257 silly packumentCache full:https://registry.npmjs.org/fast-glob cache-miss
258 http fetch GET 200 https://registry.npmjs.org/resolve 129ms (cache miss)
259 silly packumentCache full:https://registry.npmjs.org/resolve set size:undefined disposed:false
260 silly fetch manifest lilconfig@^3.1.3
261 silly packumentCache full:https://registry.npmjs.org/lilconfig cache-miss
262 http fetch GET 200 https://registry.npmjs.org/sucrase 111ms (cache miss)
263 silly packumentCache full:https://registry.npmjs.org/sucrase set size:undefined disposed:false
264 silly fetch manifest didyoumean@^1.2.2
265 silly packumentCache full:https://registry.npmjs.org/didyoumean cache-miss
266 http fetch GET 200 https://registry.npmjs.org/scheduler 526ms (cache miss)
267 silly packumentCache full:https://registry.npmjs.org/scheduler set size:undefined disposed:false
268 silly fetch manifest micromatch@^4.0.8
269 silly packumentCache full:https://registry.npmjs.org/micromatch cache-miss
270 http fetch GET 200 https://registry.npmjs.org/@next%2fswc-win32-ia32-msvc 863ms (cache miss)
271 silly packumentCache full:https://registry.npmjs.org/@next%2fswc-win32-ia32-msvc set size:undefined disposed:false
272 silly fetch manifest postcss-js@^4.0.1
273 silly packumentCache full:https://registry.npmjs.org/postcss-js cache-miss
274 http fetch GET 200 https://registry.npmjs.org/didyoumean 90ms (cache miss)
275 silly packumentCache full:https://registry.npmjs.org/didyoumean set size:undefined disposed:false
276 silly fetch manifest glob-parent@^6.0.2
277 silly packumentCache full:https://registry.npmjs.org/glob-parent cache-miss
278 http fetch GET 200 https://registry.npmjs.org/micromatch 69ms (cache miss)
279 silly packumentCache full:https://registry.npmjs.org/micromatch set size:undefined disposed:false
280 silly fetch manifest object-hash@^3.0.0
281 silly packumentCache full:https://registry.npmjs.org/object-hash cache-miss
282 http fetch GET 200 https://registry.npmjs.org/postcss-js 78ms (cache miss)
283 silly packumentCache full:https://registry.npmjs.org/postcss-js set size:undefined disposed:false
284 silly fetch manifest normalize-path@^3.0.0
285 silly packumentCache full:https://registry.npmjs.org/normalize-path cache-miss
286 http fetch GET 200 https://registry.npmjs.org/glob-parent 84ms (cache miss)
287 silly packumentCache full:https://registry.npmjs.org/glob-parent set size:undefined disposed:false
288 silly fetch manifest postcss-import@^15.1.0
289 silly packumentCache full:https://registry.npmjs.org/postcss-import cache-miss
290 http fetch GET 200 https://registry.npmjs.org/normalize-path 73ms (cache miss)
291 silly packumentCache full:https://registry.npmjs.org/normalize-path set size:undefined disposed:false
292 silly fetch manifest postcss-nested@^6.2.0
293 silly packumentCache full:https://registry.npmjs.org/postcss-nested cache-miss
294 http fetch GET 200 https://registry.npmjs.org/postcss-import 88ms (cache miss)
295 silly packumentCache full:https://registry.npmjs.org/postcss-import set size:undefined disposed:false
296 silly fetch manifest @alloc/quick-lru@^5.2.0
297 silly packumentCache full:https://registry.npmjs.org/@alloc%2fquick-lru cache-miss
298 http fetch GET 200 https://registry.npmjs.org/fast-glob 340ms (cache miss)
299 silly packumentCache full:https://registry.npmjs.org/fast-glob set size:undefined disposed:false
300 silly fetch manifest postcss-load-config@^4.0.2 || ^5.0 || ^6.0
301 silly packumentCache full:https://registry.npmjs.org/postcss-load-config cache-miss
302 http fetch GET 200 https://registry.npmjs.org/lilconfig 307ms (cache miss)
303 silly packumentCache full:https://registry.npmjs.org/lilconfig set size:undefined disposed:false
304 silly fetch manifest postcss-selector-parser@^6.1.2
305 silly packumentCache full:https://registry.npmjs.org/postcss-selector-parser cache-miss
306 http fetch GET 200 https://registry.npmjs.org/chokidar 370ms (cache miss)
307 silly packumentCache full:https://registry.npmjs.org/chokidar set size:undefined disposed:false
308 http fetch GET 200 https://registry.npmjs.org/postcss-nested 83ms (cache miss)
309 silly packumentCache full:https://registry.npmjs.org/postcss-nested set size:undefined disposed:false
310 http fetch GET 200 https://registry.npmjs.org/@next%2fswc-win32-arm64-msvc 993ms (cache miss)
311 silly packumentCache full:https://registry.npmjs.org/@next%2fswc-win32-arm64-msvc set size:undefined disposed:false
312 http fetch GET 200 https://registry.npmjs.org/postcss-load-config 105ms (cache miss)
313 silly packumentCache full:https://registry.npmjs.org/postcss-load-config set size:undefined disposed:false
314 http fetch GET 200 https://registry.npmjs.org/postcss-selector-parser 100ms (cache miss)
315 silly packumentCache full:https://registry.npmjs.org/postcss-selector-parser set size:undefined disposed:false
316 http fetch GET 200 https://registry.npmjs.org/object-hash 311ms (cache miss)
317 silly packumentCache full:https://registry.npmjs.org/object-hash set size:undefined disposed:false
318 http fetch GET 200 https://registry.npmjs.org/@alloc%2fquick-lru 351ms (cache miss)
319 silly packumentCache full:https://registry.npmjs.org/@alloc%2fquick-lru set size:undefined disposed:false
320 silly placeDep ROOT @supabase/auth-js@2.110.7 OK for: @supabase/supabase-js@2.110.7 want: 2.110.7
321 silly placeDep ROOT @supabase/functions-js@2.110.7 OK for: @supabase/supabase-js@2.110.7 want: 2.110.7
322 silly placeDep ROOT @supabase/postgrest-js@2.110.7 OK for: @supabase/supabase-js@2.110.7 want: 2.110.7
323 silly placeDep ROOT @supabase/realtime-js@2.110.7 OK for: @supabase/supabase-js@2.110.7 want: 2.110.7
324 silly placeDep ROOT @supabase/storage-js@2.110.7 OK for: @supabase/supabase-js@2.110.7 want: 2.110.7
325 silly fetch manifest tslib@2.8.1
326 silly packumentCache full:https://registry.npmjs.org/tslib cache-miss
327 silly fetch manifest tslib@2.8.1
328 silly packumentCache full:https://registry.npmjs.org/tslib cache-miss
329 silly fetch manifest tslib@2.8.1
330 silly packumentCache full:https://registry.npmjs.org/tslib cache-miss
331 silly fetch manifest @supabase/phoenix@0.4.5
332 silly packumentCache full:https://registry.npmjs.org/@supabase%2fphoenix cache-miss
333 silly fetch manifest tslib@2.8.1
334 silly packumentCache full:https://registry.npmjs.org/tslib cache-miss
335 silly fetch manifest iceberg-js@^0.8.1
336 silly packumentCache full:https://registry.npmjs.org/iceberg-js cache-miss
337 silly fetch manifest tslib@2.8.1
338 silly packumentCache full:https://registry.npmjs.org/tslib cache-miss
339 http cache https://registry.npmjs.org/tslib 82ms (cache hit)
340 silly packumentCache full:https://registry.npmjs.org/tslib set size:108843 disposed:false
341 http cache https://registry.npmjs.org/tslib 84ms (cache hit)
342 silly packumentCache full:https://registry.npmjs.org/tslib set size:108843 disposed:false
343 silly packumentCache full:https://registry.npmjs.org/tslib dispose
344 http cache https://registry.npmjs.org/tslib 87ms (cache hit)
345 silly packumentCache full:https://registry.npmjs.org/tslib set size:108843 disposed:true
346 silly packumentCache full:https://registry.npmjs.org/tslib dispose
347 http cache https://registry.npmjs.org/tslib 92ms (cache hit)
348 silly packumentCache full:https://registry.npmjs.org/tslib set size:108843 disposed:true
349 silly packumentCache full:https://registry.npmjs.org/tslib dispose
350 http cache https://registry.npmjs.org/tslib 95ms (cache hit)
351 silly packumentCache full:https://registry.npmjs.org/tslib set size:108843 disposed:true
352 silly packumentCache full:https://registry.npmjs.org/tslib dispose
353 http fetch GET 200 https://registry.npmjs.org/iceberg-js 100ms (cache miss)
354 silly packumentCache full:https://registry.npmjs.org/iceberg-js set size:undefined disposed:false
355 http fetch GET 200 https://registry.npmjs.org/@supabase%2fphoenix 795ms (cache miss)
356 silly packumentCache full:https://registry.npmjs.org/@supabase%2fphoenix set size:undefined disposed:false
357 silly placeDep ROOT tslib@2.8.1 OK for: @supabase/auth-js@2.110.7 want: 2.8.1
358 silly placeDep ROOT @supabase/phoenix@0.4.5 OK for: @supabase/realtime-js@2.110.7 want: 0.4.5
359 silly placeDep ROOT iceberg-js@0.8.1 OK for: @supabase/storage-js@2.110.7 want: ^0.8.1
360 silly placeDep ROOT undici-types@6.21.0 OK for: @types/node@22.20.1 want: ~6.21.0
361 silly placeDep ROOT @types/prop-types@15.7.15 OK for: @types/react@18.3.31 want: *
362 silly placeDep ROOT csstype@3.2.3 OK for: @types/react@18.3.31 want: ^3.2.2
363 silly placeDep ROOT browserslist@4.28.6 OK for: autoprefixer@10.5.4 want: ^4.28.6
364 silly placeDep ROOT caniuse-lite@1.0.30001806 OK for: autoprefixer@10.5.4 want: ^1.0.30001806
365 silly placeDep ROOT fraction.js@5.3.4 OK for: autoprefixer@10.5.4 want: ^5.3.4
366 silly placeDep ROOT picocolors@1.1.1 OK for: autoprefixer@10.5.4 want: ^1.1.1
367 silly placeDep ROOT postcss-value-parser@4.2.0 OK for: autoprefixer@10.5.4 want: ^4.2.0
368 silly fetch manifest caniuse-lite@^1.0.30001803
369 silly packumentCache full:https://registry.npmjs.org/caniuse-lite cache-miss
370 silly fetch manifest node-releases@^2.0.51
371 silly packumentCache full:https://registry.npmjs.org/node-releases cache-miss
372 silly fetch manifest electron-to-chromium@^1.5.389
373 silly packumentCache full:https://registry.npmjs.org/electron-to-chromium cache-miss
374 silly fetch manifest update-browserslist-db@^1.2.3
375 silly packumentCache full:https://registry.npmjs.org/update-browserslist-db cache-miss
376 silly fetch manifest baseline-browser-mapping@^2.10.42
377 silly packumentCache full:https://registry.npmjs.org/baseline-browser-mapping cache-miss
378 http cache https://registry.npmjs.org/caniuse-lite 18ms (cache hit)
379 silly packumentCache full:https://registry.npmjs.org/caniuse-lite set size:2306880 disposed:false
380 http fetch GET 200 https://registry.npmjs.org/update-browserslist-db 63ms (cache miss)
381 silly packumentCache full:https://registry.npmjs.org/update-browserslist-db set size:undefined disposed:false
382 http fetch GET 200 https://registry.npmjs.org/node-releases 89ms (cache miss)
383 silly packumentCache full:https://registry.npmjs.org/node-releases set size:undefined disposed:false
384 http fetch GET 200 https://registry.npmjs.org/baseline-browser-mapping 92ms (cache miss)
385 silly packumentCache full:https://registry.npmjs.org/baseline-browser-mapping set size:undefined disposed:false
386 http fetch GET 200 https://registry.npmjs.org/electron-to-chromium 194ms (cache miss)
387 silly packumentCache full:https://registry.npmjs.org/electron-to-chromium set size:undefined disposed:false
388 silly fetch manifest browserslist@>= 4.21.0
389 silly packumentCache full:https://registry.npmjs.org/browserslist cache-miss
390 http cache https://registry.npmjs.org/browserslist 18ms (cache hit)
391 silly packumentCache full:https://registry.npmjs.org/browserslist set size:514014 disposed:false
392 silly placeDep ROOT baseline-browser-mapping@2.10.43 OK for: browserslist@4.28.6 want: ^2.10.42
393 silly placeDep ROOT electron-to-chromium@1.5.392 OK for: browserslist@4.28.6 want: ^1.5.389
394 silly placeDep ROOT node-releases@2.0.51 OK for: browserslist@4.28.6 want: ^2.0.51
395 silly placeDep ROOT update-browserslist-db@1.2.3 OK for: browserslist@4.28.6 want: ^1.2.3
396 silly fetch manifest escalade@^3.2.0
397 silly packumentCache full:https://registry.npmjs.org/escalade cache-miss
398 http fetch GET 200 https://registry.npmjs.org/escalade 80ms (cache miss)
399 silly packumentCache full:https://registry.npmjs.org/escalade set size:undefined disposed:false
400 silly placeDep ROOT motion-dom@12.42.2 OK for: framer-motion@12.42.2 want: ^12.42.2
401 silly placeDep ROOT motion-utils@12.39.0 OK for: framer-motion@12.42.2 want: ^12.39.0
402 silly fetch manifest react@^18.2.0
403 silly packumentCache full:https://registry.npmjs.org/react cache-miss
404 http cache https://registry.npmjs.org/react 22ms (cache hit)
405 silly packumentCache full:https://registry.npmjs.org/react set size:6801299 disposed:false
406 silly placeDep ROOT @next/env@14.2.28 OK for: next@14.2.28 want: 14.2.28
407 silly placeDep ROOT @next/swc-darwin-arm64@14.2.28 OK for: next@14.2.28 want: 14.2.28
408 silly placeDep ROOT @next/swc-darwin-x64@14.2.28 OK for: next@14.2.28 want: 14.2.28
409 silly placeDep ROOT @next/swc-linux-arm64-gnu@14.2.28 OK for: next@14.2.28 want: 14.2.28
410 silly placeDep ROOT @next/swc-linux-arm64-musl@14.2.28 OK for: next@14.2.28 want: 14.2.28
411 silly placeDep ROOT @next/swc-linux-x64-gnu@14.2.28 OK for: next@14.2.28 want: 14.2.28
412 silly placeDep ROOT @next/swc-linux-x64-musl@14.2.28 OK for: next@14.2.28 want: 14.2.28
413 silly placeDep ROOT @next/swc-win32-arm64-msvc@14.2.28 OK for: next@14.2.28 want: 14.2.28
414 silly placeDep ROOT @next/swc-win32-ia32-msvc@14.2.28 OK for: next@14.2.28 want: 14.2.28
415 silly placeDep ROOT @next/swc-win32-x64-msvc@14.2.28 OK for: next@14.2.28 want: 14.2.28
416 silly placeDep ROOT @swc/helpers@0.5.5 OK for: next@14.2.28 want: 0.5.5
417 silly placeDep ROOT busboy@1.6.0 OK for: next@14.2.28 want: 1.6.0
418 silly placeDep ROOT graceful-fs@4.2.11 OK for: next@14.2.28 want: ^4.2.11
419 silly placeDep node_modules/next postcss@8.4.31 OK for: next@14.2.28 want: 8.4.31
420 silly placeDep ROOT styled-jsx@5.1.1 OK for: next@14.2.28 want: 5.1.1
421 silly fetch manifest @swc/counter@^0.1.3
422 silly packumentCache full:https://registry.npmjs.org/@swc%2fcounter cache-miss
423 silly fetch manifest streamsearch@^1.1.0
424 silly packumentCache full:https://registry.npmjs.org/streamsearch cache-miss
425 silly fetch manifest nanoid@^3.3.6
426 silly packumentCache full:https://registry.npmjs.org/nanoid cache-miss
427 silly fetch manifest source-map-js@^1.0.2
428 silly packumentCache full:https://registry.npmjs.org/source-map-js cache-miss
429 silly fetch manifest client-only@0.0.1
430 silly packumentCache full:https://registry.npmjs.org/client-only cache-miss
431 http cache https://registry.npmjs.org/nanoid 23ms (cache hit)
432 silly packumentCache full:https://registry.npmjs.org/nanoid set size:335912 disposed:false
433 http cache https://registry.npmjs.org/source-map-js 28ms (cache hit)
434 silly packumentCache full:https://registry.npmjs.org/source-map-js set size:62640 disposed:false
435 http fetch GET 200 https://registry.npmjs.org/streamsearch 62ms (cache miss)
436 silly packumentCache full:https://registry.npmjs.org/streamsearch set size:undefined disposed:false
437 http fetch GET 200 https://registry.npmjs.org/client-only 69ms (cache miss)
438 silly packumentCache full:https://registry.npmjs.org/client-only set size:undefined disposed:false
439 http fetch GET 200 https://registry.npmjs.org/@swc%2fcounter 435ms (cache miss)
440 silly packumentCache full:https://registry.npmjs.org/@swc%2fcounter set size:undefined disposed:false
441 silly placeDep ROOT @swc/counter@0.1.3 OK for: @swc/helpers@0.5.5 want: ^0.1.3
442 silly placeDep ROOT streamsearch@1.1.0 OK for: busboy@1.6.0 want: ^1.1.0
443 silly placeDep ROOT nanoid@3.3.16 OK for: postcss@8.5.19 want: ^3.3.12
444 silly placeDep ROOT source-map-js@1.2.1 OK for: postcss@8.5.19 want: ^1.2.1
445 silly placeDep ROOT loose-envify@1.4.0 OK for: react@18.3.1 want: ^1.1.0
446 silly fetch manifest js-tokens@^3.0.0 || ^4.0.0
447 silly packumentCache full:https://registry.npmjs.org/js-tokens cache-miss
448 http fetch GET 200 https://registry.npmjs.org/js-tokens 59ms (cache miss)
449 silly packumentCache full:https://registry.npmjs.org/js-tokens set size:undefined disposed:false
450 silly placeDep ROOT js-tokens@4.0.0 OK for: loose-envify@1.4.0 want: ^3.0.0 || ^4.0.0
451 silly placeDep ROOT scheduler@0.23.2 OK for: react-dom@18.3.1 want: ^0.23.2
452 silly placeDep ROOT client-only@0.0.1 OK for: styled-jsx@5.1.1 want: 0.0.1
453 silly fetch manifest postcss@^8.4.47
454 silly packumentCache full:https://registry.npmjs.org/postcss cache-hit
455 silly fetch manifest tsx@^4.8.1
456 silly packumentCache full:https://registry.npmjs.org/tsx cache-miss
457 http fetch GET 200 https://registry.npmjs.org/tsx 81ms (cache miss)
458 silly packumentCache full:https://registry.npmjs.org/tsx set size:undefined disposed:false
459 silly fetch manifest yaml@^2.4.2
460 silly packumentCache full:https://registry.npmjs.org/yaml cache-miss
461 http fetch GET 200 https://registry.npmjs.org/yaml 81ms (cache miss)
462 silly packumentCache full:https://registry.npmjs.org/yaml set size:undefined disposed:false
463 silly placeDep ROOT @alloc/quick-lru@5.2.0 OK for: tailwindcss@3.4.19 want: ^5.2.0
464 silly placeDep ROOT arg@5.0.2 OK for: tailwindcss@3.4.19 want: ^5.0.2
465 silly placeDep ROOT chokidar@3.6.0 OK for: tailwindcss@3.4.19 want: ^3.6.0
466 silly placeDep ROOT didyoumean@1.2.2 OK for: tailwindcss@3.4.19 want: ^1.2.2
467 silly placeDep ROOT dlv@1.1.3 OK for: tailwindcss@3.4.19 want: ^1.1.3
468 silly placeDep ROOT fast-glob@3.3.3 OK for: tailwindcss@3.4.19 want: ^3.3.2
469 silly placeDep ROOT glob-parent@6.0.2 OK for: tailwindcss@3.4.19 want: ^6.0.2
470 silly placeDep ROOT is-glob@4.0.3 OK for: tailwindcss@3.4.19 want: ^4.0.3
471 silly placeDep ROOT jiti@1.21.7 OK for: tailwindcss@3.4.19 want: ^1.21.7
472 silly placeDep ROOT lilconfig@3.1.3 OK for: tailwindcss@3.4.19 want: ^3.1.3
473 silly placeDep ROOT micromatch@4.0.8 OK for: tailwindcss@3.4.19 want: ^4.0.8
474 silly placeDep ROOT normalize-path@3.0.0 OK for: tailwindcss@3.4.19 want: ^3.0.0
475 silly placeDep ROOT object-hash@3.0.0 OK for: tailwindcss@3.4.19 want: ^3.0.0
476 silly placeDep ROOT postcss-import@15.1.0 OK for: tailwindcss@3.4.19 want: ^15.1.0
477 silly placeDep ROOT postcss-js@4.1.0 OK for: tailwindcss@3.4.19 want: ^4.0.1
478 silly placeDep ROOT postcss-load-config@6.0.1 OK for: tailwindcss@3.4.19 want: ^4.0.2 || ^5.0 || ^6.0
479 silly placeDep ROOT postcss-nested@6.2.0 OK for: tailwindcss@3.4.19 want: ^6.2.0
480 silly placeDep ROOT postcss-selector-parser@6.1.4 OK for: tailwindcss@3.4.19 want: ^6.1.2
481 silly placeDep ROOT resolve@1.22.12 OK for: tailwindcss@3.4.19 want: ^1.22.8
482 silly placeDep ROOT sucrase@3.35.1 OK for: tailwindcss@3.4.19 want: ^3.35.0
483 silly fetch manifest braces@~3.0.2
484 silly packumentCache full:https://registry.npmjs.org/braces cache-miss
485 silly fetch manifest is-glob@~4.0.1
486 silly packumentCache full:https://registry.npmjs.org/is-glob cache-miss
487 silly fetch manifest anymatch@~3.1.2
488 silly packumentCache full:https://registry.npmjs.org/anymatch cache-miss
489 silly fetch manifest readdirp@~3.6.0
490 silly packumentCache full:https://registry.npmjs.org/readdirp cache-miss
491 silly fetch manifest glob-parent@~5.1.2
492 silly packumentCache full:https://registry.npmjs.org/glob-parent cache-miss
493 silly fetch manifest is-binary-path@~2.1.0
494 silly packumentCache full:https://registry.npmjs.org/is-binary-path cache-miss
495 silly fetch manifest normalize-path@~3.0.0
496 silly packumentCache full:https://registry.npmjs.org/normalize-path cache-miss
497 http cache https://registry.npmjs.org/glob-parent 15ms (cache hit)
498 silly packumentCache full:https://registry.npmjs.org/glob-parent set size:42445 disposed:false
499 silly fetch manifest fsevents@~2.3.2
500 silly packumentCache full:https://registry.npmjs.org/fsevents cache-miss
501 http cache https://registry.npmjs.org/is-glob 17ms (cache hit)
502 silly packumentCache full:https://registry.npmjs.org/is-glob set size:40530 disposed:false
503 silly fetch manifest @nodelib/fs.stat@^2.0.2
504 silly packumentCache full:https://registry.npmjs.org/@nodelib%2ffs.stat cache-miss
505 http cache https://registry.npmjs.org/normalize-path 18ms (cache hit)
506 silly packumentCache full:https://registry.npmjs.org/normalize-path set size:28713 disposed:false
507 silly fetch manifest @nodelib/fs.walk@^1.2.3
508 silly packumentCache full:https://registry.npmjs.org/@nodelib%2ffs.walk cache-miss
509 http fetch GET 200 https://registry.npmjs.org/anymatch 68ms (cache miss)
510 silly packumentCache full:https://registry.npmjs.org/anymatch set size:undefined disposed:false
511 silly fetch manifest glob-parent@^5.1.2
512 silly packumentCache full:https://registry.npmjs.org/glob-parent cache-hit
513 silly fetch manifest merge2@^1.3.0
514 silly packumentCache full:https://registry.npmjs.org/merge2 cache-miss
515 http fetch GET 200 https://registry.npmjs.org/is-binary-path 72ms (cache miss)
516 silly packumentCache full:https://registry.npmjs.org/is-binary-path set size:undefined disposed:false
517 silly fetch manifest is-extglob@^2.1.1
518 silly packumentCache full:https://registry.npmjs.org/is-extglob cache-miss
519 http fetch GET 200 https://registry.npmjs.org/readdirp 78ms (cache miss)
520 silly packumentCache full:https://registry.npmjs.org/readdirp set size:undefined disposed:false
521 silly fetch manifest braces@^3.0.3
522 silly packumentCache full:https://registry.npmjs.org/braces cache-miss
523 http fetch GET 200 https://registry.npmjs.org/fsevents 82ms (cache miss)
524 silly packumentCache full:https://registry.npmjs.org/fsevents set size:undefined disposed:false
525 silly fetch manifest picomatch@^2.3.1
526 silly packumentCache full:https://registry.npmjs.org/picomatch cache-miss
527 http fetch GET 200 https://registry.npmjs.org/braces 105ms (cache miss)
528 silly packumentCache full:https://registry.npmjs.org/braces set size:undefined disposed:false
529 silly fetch manifest resolve@^1.1.7
530 silly packumentCache full:https://registry.npmjs.org/resolve cache-miss
531 http fetch GET 200 https://registry.npmjs.org/@nodelib%2ffs.walk 86ms (cache miss)
532 silly packumentCache full:https://registry.npmjs.org/@nodelib%2ffs.walk set size:undefined disposed:false
533 silly fetch manifest read-cache@^1.0.0
534 silly packumentCache full:https://registry.npmjs.org/read-cache cache-miss
535 http cache https://registry.npmjs.org/resolve 10ms (cache hit)
536 silly packumentCache full:https://registry.npmjs.org/resolve set size:244568 disposed:false
537 silly fetch manifest camelcase-css@^2.0.1
538 silly packumentCache full:https://registry.npmjs.org/camelcase-css cache-miss
539 http fetch GET 200 https://registry.npmjs.org/is-extglob 59ms (cache miss)
540 silly packumentCache full:https://registry.npmjs.org/is-extglob set size:undefined disposed:false
541 silly fetch manifest postcss-selector-parser@^6.1.1
542 silly packumentCache full:https://registry.npmjs.org/postcss-selector-parser cache-miss
543 http cache https://registry.npmjs.org/postcss-selector-parser 7ms (cache hit)
544 silly packumentCache full:https://registry.npmjs.org/postcss-selector-parser set size:193966 disposed:false
545 silly fetch manifest cssesc@^3.0.0
546 silly packumentCache full:https://registry.npmjs.org/cssesc cache-miss
547 http fetch GET 200 https://registry.npmjs.org/braces 69ms (cache miss)
548 silly packumentCache full:https://registry.npmjs.org/braces set size:undefined disposed:false
549 silly fetch manifest util-deprecate@^1.0.2
550 silly packumentCache full:https://registry.npmjs.org/util-deprecate cache-miss
551 http fetch GET 200 https://registry.npmjs.org/picomatch 63ms (cache miss)
552 silly packumentCache full:https://registry.npmjs.org/picomatch set size:undefined disposed:false
553 silly fetch manifest es-errors@^1.3.0
554 silly packumentCache full:https://registry.npmjs.org/es-errors cache-miss
555 http fetch GET 200 https://registry.npmjs.org/read-cache 68ms (cache miss)
556 silly packumentCache full:https://registry.npmjs.org/read-cache set size:undefined disposed:false
557 silly fetch manifest path-parse@^1.0.7
558 silly packumentCache full:https://registry.npmjs.org/path-parse cache-miss
559 http fetch GET 200 https://registry.npmjs.org/camelcase-css 70ms (cache miss)
560 silly packumentCache full:https://registry.npmjs.org/camelcase-css set size:undefined disposed:false
561 silly fetch manifest is-core-module@^2.16.1
562 silly packumentCache full:https://registry.npmjs.org/is-core-module cache-miss
563 http fetch GET 200 https://registry.npmjs.org/cssesc 56ms (cache miss)
564 silly packumentCache full:https://registry.npmjs.org/cssesc set size:undefined disposed:false
565 silly fetch manifest supports-preserve-symlinks-flag@^1.0.0
566 silly packumentCache full:https://registry.npmjs.org/supports-preserve-symlinks-flag cache-miss
567 http fetch GET 200 https://registry.npmjs.org/util-deprecate 58ms (cache miss)
568 silly packumentCache full:https://registry.npmjs.org/util-deprecate set size:undefined disposed:false
569 silly fetch manifest @jridgewell/gen-mapping@^0.3.2
570 silly packumentCache full:https://registry.npmjs.org/@jridgewell%2fgen-mapping cache-miss
571 http fetch GET 200 https://registry.npmjs.org/es-errors 61ms (cache miss)
572 silly packumentCache full:https://registry.npmjs.org/es-errors set size:undefined disposed:false
573 silly fetch manifest commander@^4.0.0
574 silly packumentCache full:https://registry.npmjs.org/commander cache-miss
575 http fetch GET 200 https://registry.npmjs.org/path-parse 67ms (cache miss)
576 silly packumentCache full:https://registry.npmjs.org/path-parse set size:undefined disposed:false
577 silly fetch manifest lines-and-columns@^1.1.6
578 silly packumentCache full:https://registry.npmjs.org/lines-and-columns cache-miss
579 http fetch GET 200 https://registry.npmjs.org/is-core-module 71ms (cache miss)
580 silly packumentCache full:https://registry.npmjs.org/is-core-module set size:undefined disposed:false
581 silly fetch manifest mz@^2.7.0
582 silly packumentCache full:https://registry.npmjs.org/mz cache-miss
583 http fetch GET 200 https://registry.npmjs.org/supports-preserve-symlinks-flag 76ms (cache miss)
584 silly packumentCache full:https://registry.npmjs.org/supports-preserve-symlinks-flag set size:undefined disposed:false
585 silly fetch manifest pirates@^4.0.1
586 silly packumentCache full:https://registry.npmjs.org/pirates cache-miss
587 http fetch GET 200 https://registry.npmjs.org/@jridgewell%2fgen-mapping 75ms (cache miss)
588 silly packumentCache full:https://registry.npmjs.org/@jridgewell%2fgen-mapping set size:undefined disposed:false
589 silly fetch manifest tinyglobby@^0.2.11
590 silly packumentCache full:https://registry.npmjs.org/tinyglobby cache-miss
591 http fetch GET 200 https://registry.npmjs.org/commander 85ms (cache miss)
592 silly packumentCache full:https://registry.npmjs.org/commander set size:undefined disposed:false
593 silly fetch manifest ts-interface-checker@^0.1.9
594 silly packumentCache full:https://registry.npmjs.org/ts-interface-checker cache-miss
595 http fetch GET 200 https://registry.npmjs.org/lines-and-columns 74ms (cache miss)
596 silly packumentCache full:https://registry.npmjs.org/lines-and-columns set size:undefined disposed:false
597 http fetch GET 200 https://registry.npmjs.org/mz 77ms (cache miss)
598 silly packumentCache full:https://registry.npmjs.org/mz set size:undefined disposed:false
599 http fetch GET 200 https://registry.npmjs.org/@nodelib%2ffs.stat 333ms (cache miss)
600 silly packumentCache full:https://registry.npmjs.org/@nodelib%2ffs.stat set size:undefined disposed:false
601 http fetch GET 200 https://registry.npmjs.org/tinyglobby 65ms (cache miss)
602 silly packumentCache full:https://registry.npmjs.org/tinyglobby set size:undefined disposed:false
603 http fetch GET 200 https://registry.npmjs.org/ts-interface-checker 69ms (cache miss)
604 silly packumentCache full:https://registry.npmjs.org/ts-interface-checker set size:undefined disposed:false
605 http fetch GET 200 https://registry.npmjs.org/merge2 367ms (cache miss)
606 silly packumentCache full:https://registry.npmjs.org/merge2 set size:undefined disposed:false
607 http fetch GET 200 https://registry.npmjs.org/pirates 283ms (cache miss)
608 silly packumentCache full:https://registry.npmjs.org/pirates set size:undefined disposed:false
609 silly placeDep ROOT anymatch@3.1.3 OK for: chokidar@3.6.0 want: ~3.1.2
610 silly placeDep ROOT braces@3.0.3 OK for: chokidar@3.6.0 want: ~3.0.2
611 silly placeDep ROOT fsevents@2.3.3 OK for: chokidar@3.6.0 want: ~2.3.2
612 silly placeDep node_modules/chokidar glob-parent@5.1.2 OK for: chokidar@3.6.0 want: ~5.1.2
613 silly placeDep ROOT is-binary-path@2.1.0 OK for: chokidar@3.6.0 want: ~2.1.0
614 silly placeDep ROOT readdirp@3.6.0 OK for: chokidar@3.6.0 want: ~3.6.0
615 silly fetch manifest picomatch@^2.0.4
616 silly packumentCache full:https://registry.npmjs.org/picomatch cache-miss
617 silly fetch manifest fill-range@^7.1.1
618 silly packumentCache full:https://registry.npmjs.org/fill-range cache-miss
619 silly fetch manifest binary-extensions@^2.0.0
620 silly packumentCache full:https://registry.npmjs.org/binary-extensions cache-miss
621 silly fetch manifest picomatch@^2.2.1
622 silly packumentCache full:https://registry.npmjs.org/picomatch cache-miss
623 http cache https://registry.npmjs.org/picomatch 27ms (cache hit)
624 silly packumentCache full:https://registry.npmjs.org/picomatch set size:128942 disposed:false
625 http cache https://registry.npmjs.org/picomatch 32ms (cache hit)
626 silly packumentCache full:https://registry.npmjs.org/picomatch set size:128942 disposed:false
627 silly packumentCache full:https://registry.npmjs.org/picomatch dispose
628 http fetch GET 200 https://registry.npmjs.org/binary-extensions 66ms (cache miss)
629 silly packumentCache full:https://registry.npmjs.org/binary-extensions set size:undefined disposed:false
630 http fetch GET 200 https://registry.npmjs.org/fill-range 68ms (cache miss)
631 silly packumentCache full:https://registry.npmjs.org/fill-range set size:undefined disposed:false
632 silly placeDep ROOT picomatch@2.3.2 OK for: anymatch@3.1.3 want: ^2.0.4
633 silly placeDep ROOT fill-range@7.1.1 OK for: braces@3.0.3 want: ^7.1.1
634 silly fetch manifest to-regex-range@^5.0.1
635 silly packumentCache full:https://registry.npmjs.org/to-regex-range cache-miss
636 http fetch GET 200 https://registry.npmjs.org/to-regex-range 66ms (cache miss)
637 silly packumentCache full:https://registry.npmjs.org/to-regex-range set size:undefined disposed:false
638 silly placeDep ROOT @nodelib/fs.stat@2.0.5 OK for: fast-glob@3.3.3 want: ^2.0.2
639 silly placeDep ROOT @nodelib/fs.walk@1.2.8 OK for: fast-glob@3.3.3 want: ^1.2.3
640 silly placeDep node_modules/fast-glob glob-parent@5.1.2 OK for: fast-glob@3.3.3 want: ^5.1.2
641 silly placeDep ROOT merge2@1.4.1 OK for: fast-glob@3.3.3 want: ^1.3.0
642 silly fetch manifest fastq@^1.6.0
643 silly packumentCache full:https://registry.npmjs.org/fastq cache-miss
644 silly fetch manifest @nodelib/fs.scandir@2.1.5
645 silly packumentCache full:https://registry.npmjs.org/@nodelib%2ffs.scandir cache-miss
646 http fetch GET 200 https://registry.npmjs.org/fastq 65ms (cache miss)
647 silly packumentCache full:https://registry.npmjs.org/fastq set size:undefined disposed:false
648 http fetch GET 200 https://registry.npmjs.org/@nodelib%2ffs.scandir 83ms (cache miss)
649 silly packumentCache full:https://registry.npmjs.org/@nodelib%2ffs.scandir set size:undefined disposed:false
650 silly placeDep ROOT @nodelib/fs.scandir@2.1.5 OK for: @nodelib/fs.walk@1.2.8 want: 2.1.5
651 silly placeDep ROOT fastq@1.20.1 OK for: @nodelib/fs.walk@1.2.8 want: ^1.6.0
652 silly fetch manifest run-parallel@^1.1.9
653 silly packumentCache full:https://registry.npmjs.org/run-parallel cache-miss
654 silly fetch manifest reusify@^1.0.4
655 silly packumentCache full:https://registry.npmjs.org/reusify cache-miss
656 http fetch GET 200 https://registry.npmjs.org/reusify 61ms (cache miss)
657 silly packumentCache full:https://registry.npmjs.org/reusify set size:undefined disposed:false
658 http fetch GET 200 https://registry.npmjs.org/run-parallel 111ms (cache miss)
659 silly packumentCache full:https://registry.npmjs.org/run-parallel set size:undefined disposed:false
660 silly placeDep ROOT run-parallel@1.2.0 OK for: @nodelib/fs.scandir@2.1.5 want: ^1.1.9
661 silly fetch manifest queue-microtask@^1.2.2
662 silly packumentCache full:https://registry.npmjs.org/queue-microtask cache-miss
663 http fetch GET 200 https://registry.npmjs.org/queue-microtask 62ms (cache miss)
664 silly packumentCache full:https://registry.npmjs.org/queue-microtask set size:undefined disposed:false
665 silly placeDep ROOT reusify@1.1.0 OK for: fastq@1.20.1 want: ^1.0.4
666 silly placeDep ROOT to-regex-range@5.0.1 OK for: fill-range@7.1.1 want: ^5.0.1
667 silly fetch manifest is-number@^7.0.0
668 silly packumentCache full:https://registry.npmjs.org/is-number cache-miss
669 http fetch GET 200 https://registry.npmjs.org/is-number 66ms (cache miss)
670 silly packumentCache full:https://registry.npmjs.org/is-number set size:undefined disposed:false
671 silly placeDep ROOT binary-extensions@2.3.0 OK for: is-binary-path@2.1.0 want: ^2.0.0
672 silly placeDep ROOT is-extglob@2.1.1 OK for: is-glob@4.0.3 want: ^2.1.1
673 silly placeDep ROOT read-cache@1.0.0 OK for: postcss-import@15.1.0 want: ^1.0.0
674 silly fetch manifest pify@^2.3.0
675 silly packumentCache full:https://registry.npmjs.org/pify cache-miss
676 http fetch GET 200 https://registry.npmjs.org/pify 79ms (cache miss)
677 silly packumentCache full:https://registry.npmjs.org/pify set size:undefined disposed:false
678 silly placeDep ROOT camelcase-css@2.0.1 OK for: postcss-js@4.1.0 want: ^2.0.1
679 silly placeDep ROOT cssesc@3.0.0 OK for: postcss-selector-parser@6.1.4 want: ^3.0.0
680 silly placeDep ROOT util-deprecate@1.0.2 OK for: postcss-selector-parser@6.1.4 want: ^1.0.2
681 silly placeDep ROOT pify@2.3.0 OK for: read-cache@1.0.0 want: ^2.3.0
682 silly placeDep ROOT es-errors@1.3.0 OK for: resolve@1.22.12 want: ^1.3.0
683 silly placeDep ROOT is-core-module@2.16.2 OK for: resolve@1.22.12 want: ^2.16.1
684 silly placeDep ROOT path-parse@1.0.7 OK for: resolve@1.22.12 want: ^1.0.7
685 silly placeDep ROOT supports-preserve-symlinks-flag@1.0.0 OK for: resolve@1.22.12 want: ^1.0.0
686 silly fetch manifest hasown@^2.0.3
687 silly packumentCache full:https://registry.npmjs.org/hasown cache-miss
688 http fetch GET 200 https://registry.npmjs.org/hasown 77ms (cache miss)
689 silly packumentCache full:https://registry.npmjs.org/hasown set size:undefined disposed:false
690 silly placeDep ROOT hasown@2.0.4 OK for: is-core-module@2.16.2 want: ^2.0.3
691 silly fetch manifest function-bind@^1.1.2
692 silly packumentCache full:https://registry.npmjs.org/function-bind cache-miss
693 http fetch GET 200 https://registry.npmjs.org/function-bind 62ms (cache miss)
694 silly packumentCache full:https://registry.npmjs.org/function-bind set size:undefined disposed:false
695 silly placeDep ROOT function-bind@1.1.2 OK for: hasown@2.0.4 want: ^1.1.2
696 silly placeDep ROOT queue-microtask@1.2.3 OK for: run-parallel@1.2.0 want: ^1.2.2
697 silly placeDep ROOT @jridgewell/gen-mapping@0.3.13 OK for: sucrase@3.35.1 want: ^0.3.2
698 silly placeDep ROOT commander@4.1.1 OK for: sucrase@3.35.1 want: ^4.0.0
699 silly placeDep ROOT lines-and-columns@1.2.4 OK for: sucrase@3.35.1 want: ^1.1.6
700 silly placeDep ROOT mz@2.7.0 OK for: sucrase@3.35.1 want: ^2.7.0
701 silly placeDep ROOT pirates@4.0.7 OK for: sucrase@3.35.1 want: ^4.0.1
702 silly placeDep ROOT tinyglobby@0.2.17 OK for: sucrase@3.35.1 want: ^0.2.11
703 silly placeDep ROOT ts-interface-checker@0.1.13 OK for: sucrase@3.35.1 want: ^0.1.9
704 silly fetch manifest @jridgewell/trace-mapping@^0.3.24
705 silly packumentCache full:https://registry.npmjs.org/@jridgewell%2ftrace-mapping cache-miss
706 silly fetch manifest @jridgewell/sourcemap-codec@^1.5.0
707 silly packumentCache full:https://registry.npmjs.org/@jridgewell%2fsourcemap-codec cache-miss
708 silly fetch manifest any-promise@^1.0.0
709 silly packumentCache full:https://registry.npmjs.org/any-promise cache-miss
710 silly fetch manifest object-assign@^4.0.1
711 silly packumentCache full:https://registry.npmjs.org/object-assign cache-miss
712 silly fetch manifest thenify-all@^1.0.0
713 silly packumentCache full:https://registry.npmjs.org/thenify-all cache-miss
714 silly fetch manifest fdir@^6.5.0
715 silly packumentCache full:https://registry.npmjs.org/fdir cache-miss
716 silly fetch manifest picomatch@^4.0.4
717 silly packumentCache full:https://registry.npmjs.org/picomatch cache-hit
718 http fetch GET 200 https://registry.npmjs.org/object-assign 73ms (cache miss)
719 silly packumentCache full:https://registry.npmjs.org/object-assign set size:undefined disposed:false
720 http fetch GET 200 https://registry.npmjs.org/any-promise 79ms (cache miss)
721 silly packumentCache full:https://registry.npmjs.org/any-promise set size:undefined disposed:false
722 http fetch GET 200 https://registry.npmjs.org/thenify-all 83ms (cache miss)
723 silly packumentCache full:https://registry.npmjs.org/thenify-all set size:undefined disposed:false
724 http fetch GET 200 https://registry.npmjs.org/@jridgewell%2ftrace-mapping 87ms (cache miss)
725 silly packumentCache full:https://registry.npmjs.org/@jridgewell%2ftrace-mapping set size:undefined disposed:false
726 http fetch GET 200 https://registry.npmjs.org/fdir 92ms (cache miss)
727 silly packumentCache full:https://registry.npmjs.org/fdir set size:undefined disposed:false
728 http fetch GET 200 https://registry.npmjs.org/@jridgewell%2fsourcemap-codec 97ms (cache miss)
729 silly packumentCache full:https://registry.npmjs.org/@jridgewell%2fsourcemap-codec set size:undefined disposed:false
730 silly placeDep ROOT @jridgewell/sourcemap-codec@1.5.5 OK for: @jridgewell/gen-mapping@0.3.13 want: ^1.5.0
731 silly placeDep ROOT @jridgewell/trace-mapping@0.3.31 OK for: @jridgewell/gen-mapping@0.3.13 want: ^0.3.24
732 silly fetch manifest @jridgewell/resolve-uri@^3.1.0
733 silly packumentCache full:https://registry.npmjs.org/@jridgewell%2fresolve-uri cache-miss
734 http fetch GET 200 https://registry.npmjs.org/@jridgewell%2fresolve-uri 86ms (cache miss)
735 silly packumentCache full:https://registry.npmjs.org/@jridgewell%2fresolve-uri set size:undefined disposed:false
736 silly placeDep ROOT @jridgewell/resolve-uri@3.1.2 OK for: @jridgewell/trace-mapping@0.3.31 want: ^3.1.0
737 silly placeDep ROOT any-promise@1.3.0 OK for: mz@2.7.0 want: ^1.0.0
738 silly placeDep ROOT object-assign@4.1.1 OK for: mz@2.7.0 want: ^4.0.1
739 silly placeDep ROOT thenify-all@1.6.0 OK for: mz@2.7.0 want: ^1.0.0
740 silly fetch manifest thenify@>= 3.1.0 < 4
741 silly packumentCache full:https://registry.npmjs.org/thenify cache-miss
742 http fetch GET 200 https://registry.npmjs.org/thenify 54ms (cache miss)
743 silly packumentCache full:https://registry.npmjs.org/thenify set size:undefined disposed:false
744 silly placeDep ROOT thenify@3.3.1 OK for: thenify-all@1.6.0 want: >= 3.1.0 < 4
745 silly placeDep node_modules/tinyglobby fdir@6.5.0 OK for: tinyglobby@0.2.17 want: ^6.5.0
746 silly placeDep node_modules/tinyglobby picomatch@4.0.5 OK for: fdir@6.5.0 want: ^3 || ^4
747 silly placeDep ROOT is-number@7.0.0 OK for: to-regex-range@5.0.1 want: ^7.0.0
748 silly placeDep ROOT escalade@3.2.0 OK for: update-browserslist-db@1.2.3 want: ^3.2.0
749 silly reify moves {}
750 silly audit bulk request {
750 silly audit   '@supabase/supabase-js': [ '2.110.7' ],
750 silly audit   '@types/node': [ '22.20.1' ],
750 silly audit   '@types/react': [ '18.3.31' ],
750 silly audit   '@types/react-dom': [ '18.3.7' ],
750 silly audit   autoprefixer: [ '10.5.4' ],
750 silly audit   postcss: [ '8.5.19', '8.4.31' ],
750 silly audit   'framer-motion': [ '12.42.2' ],
750 silly audit   'lucide-react': [ '0.468.0' ],
750 silly audit   react: [ '18.3.1' ],
750 silly audit   next: [ '14.2.28' ],
750 silly audit   'react-dom': [ '18.3.1' ],
750 silly audit   tailwindcss: [ '3.4.19' ],
750 silly audit   typescript: [ '5.9.3' ],
750 silly audit   '@supabase/auth-js': [ '2.110.7' ],
750 silly audit   '@supabase/functions-js': [ '2.110.7' ],
750 silly audit   '@supabase/postgrest-js': [ '2.110.7' ],
750 silly audit   '@supabase/realtime-js': [ '2.110.7' ],
750 silly audit   '@supabase/storage-js': [ '2.110.7' ],
750 silly audit   tslib: [ '2.8.1' ],
750 silly audit   '@supabase/phoenix': [ '0.4.5' ],
750 silly audit   'iceberg-js': [ '0.8.1' ],
750 silly audit   'undici-types': [ '6.21.0' ],
750 silly audit   '@types/prop-types': [ '15.7.15' ],
750 silly audit   csstype: [ '3.2.3' ],
750 silly audit   browserslist: [ '4.28.6' ],
750 silly audit   'caniuse-lite': [ '1.0.30001806' ],
750 silly audit   'fraction.js': [ '5.3.4' ],
750 silly audit   picocolors: [ '1.1.1' ],
750 silly audit   'postcss-value-parser': [ '4.2.0' ],
750 silly audit   'baseline-browser-mapping': [ '2.10.43' ],
750 silly audit   'electron-to-chromium': [ '1.5.392' ],
750 silly audit   'node-releases': [ '2.0.51' ],
750 silly audit   'update-browserslist-db': [ '1.2.3' ],
750 silly audit   'motion-dom': [ '12.42.2' ],
750 silly audit   'motion-utils': [ '12.39.0' ],
750 silly audit   '@next/env': [ '14.2.28' ],
750 silly audit   '@next/swc-darwin-arm64': [ '14.2.28' ],
750 silly audit   '@next/swc-darwin-x64': [ '14.2.28' ],
750 silly audit   '@next/swc-linux-arm64-gnu': [ '14.2.28' ],
750 silly audit   '@next/swc-linux-arm64-musl': [ '14.2.28' ],
750 silly audit   '@next/swc-linux-x64-gnu': [ '14.2.28' ],
750 silly audit   '@next/swc-linux-x64-musl': [ '14.2.28' ],
750 silly audit   '@next/swc-win32-arm64-msvc': [ '14.2.28' ],
750 silly audit   '@next/swc-win32-ia32-msvc': [ '14.2.28' ],
750 silly audit   '@next/swc-win32-x64-msvc': [ '14.2.28' ],
750 silly audit   '@swc/helpers': [ '0.5.5' ],
750 silly audit   busboy: [ '1.6.0' ],
750 silly audit   'graceful-fs': [ '4.2.11' ],
750 silly audit   'styled-jsx': [ '5.1.1' ],
750 silly audit   '@swc/counter': [ '0.1.3' ],
750 silly audit   streamsearch: [ '1.1.0' ],
750 silly audit   nanoid: [ '3.3.16' ],
750 silly audit   'source-map-js': [ '1.2.1' ],
750 silly audit   'loose-envify': [ '1.4.0' ],
750 silly audit   'js-tokens': [ '4.0.0' ],
750 silly audit   scheduler: [ '0.23.2' ],
750 silly audit   'client-only': [ '0.0.1' ],
750 silly audit   '@alloc/quick-lru': [ '5.2.0' ],
750 silly audit   arg: [ '5.0.2' ],
750 silly audit   chokidar: [ '3.6.0' ],
750 silly audit   didyoumean: [ '1.2.2' ],
750 silly audit   dlv: [ '1.1.3' ],
750 silly audit   'fast-glob': [ '3.3.3' ],
750 silly audit   'glob-parent': [ '6.0.2', '5.1.2' ],
750 silly audit   'is-glob': [ '4.0.3' ],
750 silly audit   jiti: [ '1.21.7' ],
750 silly audit   lilconfig: [ '3.1.3' ],
750 silly audit   micromatch: [ '4.0.8' ],
750 silly audit   'normalize-path': [ '3.0.0' ],
750 silly audit   'object-hash': [ '3.0.0' ],
750 silly audit   'postcss-import': [ '15.1.0' ],
750 silly audit   'postcss-js': [ '4.1.0' ],
750 silly audit   'postcss-load-config': [ '6.0.1' ],
750 silly audit   'postcss-nested': [ '6.2.0' ],
750 silly audit   'postcss-selector-parser': [ '6.1.4' ],
750 silly audit   resolve: [ '1.22.12' ],
750 silly audit   sucrase: [ '3.35.1' ],
750 silly audit   anymatch: [ '3.1.3' ],
750 silly audit   braces: [ '3.0.3' ],
750 silly audit   fsevents: [ '2.3.3' ],
750 silly audit   'is-binary-path': [ '2.1.0' ],
750 silly audit   readdirp: [ '3.6.0' ],
750 silly audit   picomatch: [ '2.3.2', '4.0.5' ],
750 silly audit   'fill-range': [ '7.1.1' ],
750 silly audit   '@nodelib/fs.stat': [ '2.0.5' ],
750 silly audit   '@nodelib/fs.walk': [ '1.2.8' ],
750 silly audit   merge2: [ '1.4.1' ],
750 silly audit   '@nodelib/fs.scandir': [ '2.1.5' ],
750 silly audit   fastq: [ '1.20.1' ],
750 silly audit   'run-parallel': [ '1.2.0' ],
750 silly audit   reusify: [ '1.1.0' ],
750 silly audit   'to-regex-range': [ '5.0.1' ],
750 silly audit   'binary-extensions': [ '2.3.0' ],
750 silly audit   'is-extglob': [ '2.1.1' ],
750 silly audit   'read-cache': [ '1.0.0' ],
750 silly audit   'camelcase-css': [ '2.0.1' ],
750 silly audit   cssesc: [ '3.0.0' ],
750 silly audit   'util-deprecate': [ '1.0.2' ],
750 silly audit   pify: [ '2.3.0' ],
750 silly audit   'es-errors': [ '1.3.0' ],
750 silly audit   'is-core-module': [ '2.16.2' ],
750 silly audit   'path-parse': [ '1.0.7' ],
750 silly audit   'supports-preserve-symlinks-flag': [ '1.0.0' ],
750 silly audit   hasown: [ '2.0.4' ],
750 silly audit   'function-bind': [ '1.1.2' ],
750 silly audit   'queue-microtask': [ '1.2.3' ],
750 silly audit   '@jridgewell/gen-mapping': [ '0.3.13' ],
750 silly audit   commander: [ '4.1.1' ],
750 silly audit   'lines-and-columns': [ '1.2.4' ],
750 silly audit   mz: [ '2.7.0' ],
750 silly audit   pirates: [ '4.0.7' ],
750 silly audit   tinyglobby: [ '0.2.17' ],
750 silly audit   'ts-interface-checker': [ '0.1.13' ],
750 silly audit   '@jridgewell/sourcemap-codec': [ '1.5.5' ],
750 silly audit   '@jridgewell/trace-mapping': [ '0.3.31' ],
750 silly audit   '@jridgewell/resolve-uri': [ '3.1.2' ],
750 silly audit   'any-promise': [ '1.3.0' ],
750 silly audit   'object-assign': [ '4.1.1' ],
750 silly audit   'thenify-all': [ '1.6.0' ],
750 silly audit   thenify: [ '3.3.1' ],
750 silly audit   fdir: [ '6.5.0' ],
750 silly audit   'is-number': [ '7.0.0' ],
750 silly audit   escalade: [ '3.2.0' ]
750 silly audit }
751 http cache is-number@https://registry.npmjs.org/is-number/-/is-number-7.0.0.tgz 0ms (cache hit)
752 http cache thenify-all@https://registry.npmjs.org/thenify-all/-/thenify-all-1.6.0.tgz 0ms (cache hit)
753 http cache escalade@https://registry.npmjs.org/escalade/-/escalade-3.2.0.tgz 0ms (cache hit)
754 http cache thenify@https://registry.npmjs.org/thenify/-/thenify-3.3.1.tgz 0ms (cache hit)
755 http cache any-promise@https://registry.npmjs.org/any-promise/-/any-promise-1.3.0.tgz 0ms (cache hit)
756 http cache object-assign@https://registry.npmjs.org/object-assign/-/object-assign-4.1.1.tgz 0ms (cache hit)
757 http cache tinyglobby@https://registry.npmjs.org/tinyglobby/-/tinyglobby-0.2.17.tgz 1ms (cache hit)
758 http cache ts-interface-checker@https://registry.npmjs.org/ts-interface-checker/-/ts-interface-checker-0.1.13.tgz 0ms (cache hit)
759 http cache @jridgewell/resolve-uri@https://registry.npmjs.org/@jridgewell/resolve-uri/-/resolve-uri-3.1.2.tgz 0ms (cache hit)
760 http cache @jridgewell/trace-mapping@https://registry.npmjs.org/@jridgewell/trace-mapping/-/trace-mapping-0.3.31.tgz 0ms (cache hit)
761 http cache @jridgewell/sourcemap-codec@https://registry.npmjs.org/@jridgewell/sourcemap-codec/-/sourcemap-codec-1.5.5.tgz 0ms (cache hit)
762 http cache pirates@https://registry.npmjs.org/pirates/-/pirates-4.0.7.tgz 0ms (cache hit)
763 http cache @jridgewell/gen-mapping@https://registry.npmjs.org/@jridgewell/gen-mapping/-/gen-mapping-0.3.13.tgz 0ms (cache hit)
764 http cache lines-and-columns@https://registry.npmjs.org/lines-and-columns/-/lines-and-columns-1.2.4.tgz 0ms (cache hit)
765 http cache mz@https://registry.npmjs.org/mz/-/mz-2.7.0.tgz 0ms (cache hit)
766 http cache commander@https://registry.npmjs.org/commander/-/commander-4.1.1.tgz 0ms (cache hit)
767 http cache function-bind@https://registry.npmjs.org/function-bind/-/function-bind-1.1.2.tgz 0ms (cache hit)
768 http cache queue-microtask@https://registry.npmjs.org/queue-microtask/-/queue-microtask-1.2.3.tgz 0ms (cache hit)
769 http cache hasown@https://registry.npmjs.org/hasown/-/hasown-2.0.4.tgz 0ms (cache hit)
770 http cache supports-preserve-symlinks-flag@https://registry.npmjs.org/supports-preserve-symlinks-flag/-/supports-preserve-symlinks-flag-1.0.0.tgz 0ms (cache hit)
771 http cache path-parse@https://registry.npmjs.org/path-parse/-/path-parse-1.0.7.tgz 0ms (cache hit)
772 http cache is-core-module@https://registry.npmjs.org/is-core-module/-/is-core-module-2.16.2.tgz 0ms (cache hit)
773 http cache pify@https://registry.npmjs.org/pify/-/pify-2.3.0.tgz 0ms (cache hit)
774 http cache es-errors@https://registry.npmjs.org/es-errors/-/es-errors-1.3.0.tgz 0ms (cache hit)
775 http cache util-deprecate@https://registry.npmjs.org/util-deprecate/-/util-deprecate-1.0.2.tgz 0ms (cache hit)
776 http cache cssesc@https://registry.npmjs.org/cssesc/-/cssesc-3.0.0.tgz 0ms (cache hit)
777 http cache camelcase-css@https://registry.npmjs.org/camelcase-css/-/camelcase-css-2.0.1.tgz 0ms (cache hit)
778 http cache is-extglob@https://registry.npmjs.org/is-extglob/-/is-extglob-2.1.1.tgz 1ms (cache hit)
779 http cache binary-extensions@https://registry.npmjs.org/binary-extensions/-/binary-extensions-2.3.0.tgz 0ms (cache hit)
780 http cache read-cache@https://registry.npmjs.org/read-cache/-/read-cache-1.0.0.tgz 0ms (cache hit)
781 http cache to-regex-range@https://registry.npmjs.org/to-regex-range/-/to-regex-range-5.0.1.tgz 0ms (cache hit)
782 http cache run-parallel@https://registry.npmjs.org/run-parallel/-/run-parallel-1.2.0.tgz 0ms (cache hit)
783 http cache reusify@https://registry.npmjs.org/reusify/-/reusify-1.1.0.tgz 0ms (cache hit)
784 http cache fastq@https://registry.npmjs.org/fastq/-/fastq-1.20.1.tgz 0ms (cache hit)
785 http cache fill-range@https://registry.npmjs.org/fill-range/-/fill-range-7.1.1.tgz 0ms (cache hit)
786 http cache merge2@https://registry.npmjs.org/merge2/-/merge2-1.4.1.tgz 0ms (cache hit)
787 http cache readdirp@https://registry.npmjs.org/readdirp/-/readdirp-3.6.0.tgz 0ms (cache hit)
788 http cache @nodelib/fs.stat@https://registry.npmjs.org/@nodelib/fs.stat/-/fs.stat-2.0.5.tgz 0ms (cache hit)
789 http cache picomatch@https://registry.npmjs.org/picomatch/-/picomatch-2.3.2.tgz 0ms (cache hit)
790 http cache @nodelib/fs.scandir@https://registry.npmjs.org/@nodelib/fs.scandir/-/fs.scandir-2.1.5.tgz 0ms (cache hit)
791 http cache @nodelib/fs.walk@https://registry.npmjs.org/@nodelib/fs.walk/-/fs.walk-1.2.8.tgz 0ms (cache hit)
792 http cache is-binary-path@https://registry.npmjs.org/is-binary-path/-/is-binary-path-2.1.0.tgz 0ms (cache hit)
793 http cache braces@https://registry.npmjs.org/braces/-/braces-3.0.3.tgz 0ms (cache hit)
794 http cache sucrase@https://registry.npmjs.org/sucrase/-/sucrase-3.35.1.tgz 0ms (cache hit)
795 http cache resolve@https://registry.npmjs.org/resolve/-/resolve-1.22.12.tgz 0ms (cache hit)
796 http cache anymatch@https://registry.npmjs.org/anymatch/-/anymatch-3.1.3.tgz 0ms (cache hit)
797 http cache postcss-selector-parser@https://registry.npmjs.org/postcss-selector-parser/-/postcss-selector-parser-6.1.4.tgz 0ms (cache hit)
798 http cache postcss-nested@https://registry.npmjs.org/postcss-nested/-/postcss-nested-6.2.0.tgz 0ms (cache hit)
799 http cache postcss-js@https://registry.npmjs.org/postcss-js/-/postcss-js-4.1.0.tgz 0ms (cache hit)
800 http cache postcss-import@https://registry.npmjs.org/postcss-import/-/postcss-import-15.1.0.tgz 0ms (cache hit)
801 http cache object-hash@https://registry.npmjs.org/object-hash/-/object-hash-3.0.0.tgz 0ms (cache hit)
802 http cache postcss-load-config@https://registry.npmjs.org/postcss-load-config/-/postcss-load-config-6.0.1.tgz 0ms (cache hit)
803 http cache normalize-path@https://registry.npmjs.org/normalize-path/-/normalize-path-3.0.0.tgz 0ms (cache hit)
804 http cache lilconfig@https://registry.npmjs.org/lilconfig/-/lilconfig-3.1.3.tgz 0ms (cache hit)
805 http cache is-glob@https://registry.npmjs.org/is-glob/-/is-glob-4.0.3.tgz 0ms (cache hit)
806 http cache micromatch@https://registry.npmjs.org/micromatch/-/micromatch-4.0.8.tgz 0ms (cache hit)
807 http cache jiti@https://registry.npmjs.org/jiti/-/jiti-1.21.7.tgz 0ms (cache hit)
808 http cache fast-glob@https://registry.npmjs.org/fast-glob/-/fast-glob-3.3.3.tgz 0ms (cache hit)
809 http cache dlv@https://registry.npmjs.org/dlv/-/dlv-1.1.3.tgz 0ms (cache hit)
810 http cache glob-parent@https://registry.npmjs.org/glob-parent/-/glob-parent-6.0.2.tgz 0ms (cache hit)
811 http cache didyoumean@https://registry.npmjs.org/didyoumean/-/didyoumean-1.2.2.tgz 0ms (cache hit)
812 http cache @alloc/quick-lru@https://registry.npmjs.org/@alloc/quick-lru/-/quick-lru-5.2.0.tgz 0ms (cache hit)
813 http cache chokidar@https://registry.npmjs.org/chokidar/-/chokidar-3.6.0.tgz 0ms (cache hit)
814 http cache arg@https://registry.npmjs.org/arg/-/arg-5.0.2.tgz 0ms (cache hit)
815 http cache js-tokens@https://registry.npmjs.org/js-tokens/-/js-tokens-4.0.0.tgz 0ms (cache hit)
816 http cache client-only@https://registry.npmjs.org/client-only/-/client-only-0.0.1.tgz 0ms (cache hit)
817 http cache scheduler@https://registry.npmjs.org/scheduler/-/scheduler-0.23.2.tgz 0ms (cache hit)
818 http cache loose-envify@https://registry.npmjs.org/loose-envify/-/loose-envify-1.4.0.tgz 0ms (cache hit)
819 http cache @swc/counter@https://registry.npmjs.org/@swc/counter/-/counter-0.1.3.tgz 0ms (cache hit)
820 http cache nanoid@https://registry.npmjs.org/nanoid/-/nanoid-3.3.16.tgz 0ms (cache hit)
821 http cache source-map-js@https://registry.npmjs.org/source-map-js/-/source-map-js-1.2.1.tgz 0ms (cache hit)
822 http cache styled-jsx@https://registry.npmjs.org/styled-jsx/-/styled-jsx-5.1.1.tgz 0ms (cache hit)
823 http cache streamsearch@https://registry.npmjs.org/streamsearch/-/streamsearch-1.1.0.tgz 0ms (cache hit)
824 http cache @next/swc-win32-x64-msvc@https://registry.npmjs.org/@next/swc-win32-x64-msvc/-/swc-win32-x64-msvc-14.2.28.tgz 0ms (cache hit)
825 http cache graceful-fs@https://registry.npmjs.org/graceful-fs/-/graceful-fs-4.2.11.tgz 0ms (cache hit)
826 http cache busboy@https://registry.npmjs.org/busboy/-/busboy-1.6.0.tgz 0ms (cache hit)
827 http cache @next/env@https://registry.npmjs.org/@next/env/-/env-14.2.28.tgz 0ms (cache hit)
828 http cache motion-dom@https://registry.npmjs.org/motion-dom/-/motion-dom-12.42.2.tgz 0ms (cache hit)
829 http cache motion-utils@https://registry.npmjs.org/motion-utils/-/motion-utils-12.39.0.tgz 0ms (cache hit)
830 http cache @swc/helpers@https://registry.npmjs.org/@swc/helpers/-/helpers-0.5.5.tgz 0ms (cache hit)
831 http cache node-releases@https://registry.npmjs.org/node-releases/-/node-releases-2.0.51.tgz 0ms (cache hit)
832 http cache update-browserslist-db@https://registry.npmjs.org/update-browserslist-db/-/update-browserslist-db-1.2.3.tgz 0ms (cache hit)
833 http cache postcss-value-parser@https://registry.npmjs.org/postcss-value-parser/-/postcss-value-parser-4.2.0.tgz 0ms (cache hit)
834 http cache electron-to-chromium@https://registry.npmjs.org/electron-to-chromium/-/electron-to-chromium-1.5.392.tgz 0ms (cache hit)
835 http cache baseline-browser-mapping@https://registry.npmjs.org/baseline-browser-mapping/-/baseline-browser-mapping-2.10.43.tgz 0ms (cache hit)
836 http cache browserslist@https://registry.npmjs.org/browserslist/-/browserslist-4.28.6.tgz 0ms (cache hit)
837 http cache fraction.js@https://registry.npmjs.org/fraction.js/-/fraction.js-5.3.4.tgz 0ms (cache hit)
838 http cache caniuse-lite@https://registry.npmjs.org/caniuse-lite/-/caniuse-lite-1.0.30001806.tgz 0ms (cache hit)
839 http cache picocolors@https://registry.npmjs.org/picocolors/-/picocolors-1.1.1.tgz 0ms (cache hit)
840 http cache @supabase/phoenix@https://registry.npmjs.org/@supabase/phoenix/-/phoenix-0.4.5.tgz 0ms (cache hit)
841 http cache csstype@https://registry.npmjs.org/csstype/-/csstype-3.2.3.tgz 0ms (cache hit)
842 http cache @types/prop-types@https://registry.npmjs.org/@types/prop-types/-/prop-types-15.7.15.tgz 0ms (cache hit)
843 http cache @supabase/storage-js@https://registry.npmjs.org/@supabase/storage-js/-/storage-js-2.110.7.tgz 0ms (cache hit)
844 http cache @supabase/realtime-js@https://registry.npmjs.org/@supabase/realtime-js/-/realtime-js-2.110.7.tgz 0ms (cache hit)
845 http cache undici-types@https://registry.npmjs.org/undici-types/-/undici-types-6.21.0.tgz 0ms (cache hit)
846 http cache iceberg-js@https://registry.npmjs.org/iceberg-js/-/iceberg-js-0.8.1.tgz 0ms (cache hit)
847 http cache @supabase/functions-js@https://registry.npmjs.org/@supabase/functions-js/-/functions-js-2.110.7.tgz 0ms (cache hit)
848 http cache tslib@https://registry.npmjs.org/tslib/-/tslib-2.8.1.tgz 0ms (cache hit)
849 http cache @supabase/auth-js@https://registry.npmjs.org/@supabase/auth-js/-/auth-js-2.110.7.tgz 0ms (cache hit)
850 http cache tailwindcss@https://registry.npmjs.org/tailwindcss/-/tailwindcss-3.4.19.tgz 0ms (cache hit)
851 http cache react-dom@https://registry.npmjs.org/react-dom/-/react-dom-18.3.1.tgz 0ms (cache hit)
852 http cache typescript@https://registry.npmjs.org/typescript/-/typescript-5.9.3.tgz 1ms (cache hit)
853 http cache next@https://registry.npmjs.org/next/-/next-14.2.28.tgz 0ms (cache hit)
854 http cache react@https://registry.npmjs.org/react/-/react-18.3.1.tgz 0ms (cache hit)
855 http cache autoprefixer@https://registry.npmjs.org/autoprefixer/-/autoprefixer-10.5.4.tgz 0ms (cache hit)
856 http cache lucide-react@https://registry.npmjs.org/lucide-react/-/lucide-react-0.468.0.tgz 0ms (cache hit)
857 http cache postcss@https://registry.npmjs.org/postcss/-/postcss-8.5.19.tgz 0ms (cache hit)
858 http cache framer-motion@https://registry.npmjs.org/framer-motion/-/framer-motion-12.42.2.tgz 1ms (cache hit)
859 http cache @supabase/postgrest-js@https://registry.npmjs.org/@supabase/postgrest-js/-/postgrest-js-2.110.7.tgz 0ms (cache hit)
860 http cache fdir@https://registry.npmjs.org/fdir/-/fdir-6.5.0.tgz 0ms (cache hit)
861 http cache @supabase/supabase-js@https://registry.npmjs.org/@supabase/supabase-js/-/supabase-js-2.110.7.tgz 0ms (cache hit)
862 http cache @types/react-dom@https://registry.npmjs.org/@types/react-dom/-/react-dom-18.3.7.tgz 0ms (cache hit)
863 http cache picomatch@https://registry.npmjs.org/picomatch/-/picomatch-4.0.5.tgz 1ms (cache hit)
864 http cache @types/node@https://registry.npmjs.org/@types/node/-/node-22.20.1.tgz 0ms (cache hit)
865 http cache @types/react@https://registry.npmjs.org/@types/react/-/react-18.3.31.tgz 0ms (cache hit)
866 silly tarball no local data for is-number@https://registry.npmjs.org/is-number/-/is-number-7.0.0.tgz. Extracting by manifest.
867 silly tarball no local data for thenify-all@https://registry.npmjs.org/thenify-all/-/thenify-all-1.6.0.tgz. Extracting by manifest.
868 http cache glob-parent@https://registry.npmjs.org/glob-parent/-/glob-parent-5.1.2.tgz 0ms (cache hit)
869 silly tarball no local data for escalade@https://registry.npmjs.org/escalade/-/escalade-3.2.0.tgz. Extracting by manifest.
870 silly tarball no local data for thenify@https://registry.npmjs.org/thenify/-/thenify-3.3.1.tgz. Extracting by manifest.
871 silly tarball no local data for any-promise@https://registry.npmjs.org/any-promise/-/any-promise-1.3.0.tgz. Extracting by manifest.
872 silly tarball no local data for object-assign@https://registry.npmjs.org/object-assign/-/object-assign-4.1.1.tgz. Extracting by manifest.
873 silly tarball no local data for tinyglobby@https://registry.npmjs.org/tinyglobby/-/tinyglobby-0.2.17.tgz. Extracting by manifest.
874 silly tarball no local data for ts-interface-checker@https://registry.npmjs.org/ts-interface-checker/-/ts-interface-checker-0.1.13.tgz. Extracting by manifest.
875 silly tarball no local data for @jridgewell/resolve-uri@https://registry.npmjs.org/@jridgewell/resolve-uri/-/resolve-uri-3.1.2.tgz. Extracting by manifest.
876 http cache glob-parent@https://registry.npmjs.org/glob-parent/-/glob-parent-5.1.2.tgz 0ms (cache hit)
877 silly tarball no local data for @jridgewell/trace-mapping@https://registry.npmjs.org/@jridgewell/trace-mapping/-/trace-mapping-0.3.31.tgz. Extracting by manifest.
878 silly tarball no local data for @jridgewell/sourcemap-codec@https://registry.npmjs.org/@jridgewell/sourcemap-codec/-/sourcemap-codec-1.5.5.tgz. Extracting by manifest.
879 silly tarball no local data for pirates@https://registry.npmjs.org/pirates/-/pirates-4.0.7.tgz. Extracting by manifest.
880 silly tarball no local data for @jridgewell/gen-mapping@https://registry.npmjs.org/@jridgewell/gen-mapping/-/gen-mapping-0.3.13.tgz. Extracting by manifest.
881 silly tarball no local data for lines-and-columns@https://registry.npmjs.org/lines-and-columns/-/lines-and-columns-1.2.4.tgz. Extracting by manifest.
882 silly tarball no local data for mz@https://registry.npmjs.org/mz/-/mz-2.7.0.tgz. Extracting by manifest.
883 silly tarball no local data for commander@https://registry.npmjs.org/commander/-/commander-4.1.1.tgz. Extracting by manifest.
884 silly tarball no local data for function-bind@https://registry.npmjs.org/function-bind/-/function-bind-1.1.2.tgz. Extracting by manifest.
885 silly tarball no local data for queue-microtask@https://registry.npmjs.org/queue-microtask/-/queue-microtask-1.2.3.tgz. Extracting by manifest.
886 silly tarball no local data for hasown@https://registry.npmjs.org/hasown/-/hasown-2.0.4.tgz. Extracting by manifest.
887 silly tarball no local data for supports-preserve-symlinks-flag@https://registry.npmjs.org/supports-preserve-symlinks-flag/-/supports-preserve-symlinks-flag-1.0.0.tgz. Extracting by manifest.
888 silly tarball no local data for path-parse@https://registry.npmjs.org/path-parse/-/path-parse-1.0.7.tgz. Extracting by manifest.
889 silly tarball no local data for is-core-module@https://registry.npmjs.org/is-core-module/-/is-core-module-2.16.2.tgz. Extracting by manifest.
890 silly tarball no local data for pify@https://registry.npmjs.org/pify/-/pify-2.3.0.tgz. Extracting by manifest.
891 silly tarball no local data for es-errors@https://registry.npmjs.org/es-errors/-/es-errors-1.3.0.tgz. Extracting by manifest.
892 silly tarball no local data for util-deprecate@https://registry.npmjs.org/util-deprecate/-/util-deprecate-1.0.2.tgz. Extracting by manifest.
893 silly tarball no local data for cssesc@https://registry.npmjs.org/cssesc/-/cssesc-3.0.0.tgz. Extracting by manifest.
894 silly tarball no local data for camelcase-css@https://registry.npmjs.org/camelcase-css/-/camelcase-css-2.0.1.tgz. Extracting by manifest.
895 silly tarball no local data for is-extglob@https://registry.npmjs.org/is-extglob/-/is-extglob-2.1.1.tgz. Extracting by manifest.
896 silly tarball no local data for binary-extensions@https://registry.npmjs.org/binary-extensions/-/binary-extensions-2.3.0.tgz. Extracting by manifest.
897 silly tarball no local data for read-cache@https://registry.npmjs.org/read-cache/-/read-cache-1.0.0.tgz. Extracting by manifest.
898 silly tarball no local data for to-regex-range@https://registry.npmjs.org/to-regex-range/-/to-regex-range-5.0.1.tgz. Extracting by manifest.
899 silly tarball no local data for run-parallel@https://registry.npmjs.org/run-parallel/-/run-parallel-1.2.0.tgz. Extracting by manifest.
900 silly tarball no local data for reusify@https://registry.npmjs.org/reusify/-/reusify-1.1.0.tgz. Extracting by manifest.
901 http cache postcss@https://registry.npmjs.org/postcss/-/postcss-8.4.31.tgz 0ms (cache hit)
902 silly tarball no local data for fastq@https://registry.npmjs.org/fastq/-/fastq-1.20.1.tgz. Extracting by manifest.
903 silly tarball no local data for fill-range@https://registry.npmjs.org/fill-range/-/fill-range-7.1.1.tgz. Extracting by manifest.
904 silly tarball no local data for merge2@https://registry.npmjs.org/merge2/-/merge2-1.4.1.tgz. Extracting by manifest.
905 silly tarball no local data for readdirp@https://registry.npmjs.org/readdirp/-/readdirp-3.6.0.tgz. Extracting by manifest.
906 silly tarball no local data for @nodelib/fs.stat@https://registry.npmjs.org/@nodelib/fs.stat/-/fs.stat-2.0.5.tgz. Extracting by manifest.
907 silly tarball no local data for picomatch@https://registry.npmjs.org/picomatch/-/picomatch-2.3.2.tgz. Extracting by manifest.
908 silly tarball no local data for @nodelib/fs.scandir@https://registry.npmjs.org/@nodelib/fs.scandir/-/fs.scandir-2.1.5.tgz. Extracting by manifest.
909 silly tarball no local data for @nodelib/fs.walk@https://registry.npmjs.org/@nodelib/fs.walk/-/fs.walk-1.2.8.tgz. Extracting by manifest.
910 silly tarball no local data for is-binary-path@https://registry.npmjs.org/is-binary-path/-/is-binary-path-2.1.0.tgz. Extracting by manifest.
911 silly tarball no local data for braces@https://registry.npmjs.org/braces/-/braces-3.0.3.tgz. Extracting by manifest.
912 silly tarball no local data for sucrase@https://registry.npmjs.org/sucrase/-/sucrase-3.35.1.tgz. Extracting by manifest.
913 silly tarball no local data for resolve@https://registry.npmjs.org/resolve/-/resolve-1.22.12.tgz. Extracting by manifest.
914 silly tarball no local data for anymatch@https://registry.npmjs.org/anymatch/-/anymatch-3.1.3.tgz. Extracting by manifest.
915 silly tarball no local data for postcss-selector-parser@https://registry.npmjs.org/postcss-selector-parser/-/postcss-selector-parser-6.1.4.tgz. Extracting by manifest.
916 silly tarball no local data for postcss-nested@https://registry.npmjs.org/postcss-nested/-/postcss-nested-6.2.0.tgz. Extracting by manifest.
917 silly tarball no local data for postcss-js@https://registry.npmjs.org/postcss-js/-/postcss-js-4.1.0.tgz. Extracting by manifest.
918 silly tarball no local data for postcss-import@https://registry.npmjs.org/postcss-import/-/postcss-import-15.1.0.tgz. Extracting by manifest.
919 silly tarball no local data for object-hash@https://registry.npmjs.org/object-hash/-/object-hash-3.0.0.tgz. Extracting by manifest.
920 silly tarball no local data for postcss-load-config@https://registry.npmjs.org/postcss-load-config/-/postcss-load-config-6.0.1.tgz. Extracting by manifest.
921 silly tarball no local data for normalize-path@https://registry.npmjs.org/normalize-path/-/normalize-path-3.0.0.tgz. Extracting by manifest.
922 silly tarball no local data for lilconfig@https://registry.npmjs.org/lilconfig/-/lilconfig-3.1.3.tgz. Extracting by manifest.
923 silly tarball no local data for is-glob@https://registry.npmjs.org/is-glob/-/is-glob-4.0.3.tgz. Extracting by manifest.
924 silly tarball no local data for micromatch@https://registry.npmjs.org/micromatch/-/micromatch-4.0.8.tgz. Extracting by manifest.
925 silly tarball no local data for jiti@https://registry.npmjs.org/jiti/-/jiti-1.21.7.tgz. Extracting by manifest.
926 silly tarball no local data for fast-glob@https://registry.npmjs.org/fast-glob/-/fast-glob-3.3.3.tgz. Extracting by manifest.
927 silly tarball no local data for dlv@https://registry.npmjs.org/dlv/-/dlv-1.1.3.tgz. Extracting by manifest.
928 silly tarball no local data for glob-parent@https://registry.npmjs.org/glob-parent/-/glob-parent-6.0.2.tgz. Extracting by manifest.
929 silly tarball no local data for didyoumean@https://registry.npmjs.org/didyoumean/-/didyoumean-1.2.2.tgz. Extracting by manifest.
930 silly tarball no local data for @alloc/quick-lru@https://registry.npmjs.org/@alloc/quick-lru/-/quick-lru-5.2.0.tgz. Extracting by manifest.
931 silly tarball no local data for chokidar@https://registry.npmjs.org/chokidar/-/chokidar-3.6.0.tgz. Extracting by manifest.
932 silly tarball no local data for arg@https://registry.npmjs.org/arg/-/arg-5.0.2.tgz. Extracting by manifest.
933 silly tarball no local data for js-tokens@https://registry.npmjs.org/js-tokens/-/js-tokens-4.0.0.tgz. Extracting by manifest.
934 silly tarball no local data for client-only@https://registry.npmjs.org/client-only/-/client-only-0.0.1.tgz. Extracting by manifest.
935 silly tarball no local data for scheduler@https://registry.npmjs.org/scheduler/-/scheduler-0.23.2.tgz. Extracting by manifest.
936 silly tarball no local data for loose-envify@https://registry.npmjs.org/loose-envify/-/loose-envify-1.4.0.tgz. Extracting by manifest.
937 silly tarball no local data for @swc/counter@https://registry.npmjs.org/@swc/counter/-/counter-0.1.3.tgz. Extracting by manifest.
938 silly tarball no local data for nanoid@https://registry.npmjs.org/nanoid/-/nanoid-3.3.16.tgz. Extracting by manifest.
939 silly tarball no local data for source-map-js@https://registry.npmjs.org/source-map-js/-/source-map-js-1.2.1.tgz. Extracting by manifest.
940 silly tarball no local data for styled-jsx@https://registry.npmjs.org/styled-jsx/-/styled-jsx-5.1.1.tgz. Extracting by manifest.
941 silly tarball no local data for streamsearch@https://registry.npmjs.org/streamsearch/-/streamsearch-1.1.0.tgz. Extracting by manifest.
942 silly tarball no local data for @next/swc-win32-x64-msvc@https://registry.npmjs.org/@next/swc-win32-x64-msvc/-/swc-win32-x64-msvc-14.2.28.tgz. Extracting by manifest.
943 silly tarball no local data for graceful-fs@https://registry.npmjs.org/graceful-fs/-/graceful-fs-4.2.11.tgz. Extracting by manifest.
944 silly tarball no local data for busboy@https://registry.npmjs.org/busboy/-/busboy-1.6.0.tgz. Extracting by manifest.
945 silly tarball no local data for @next/env@https://registry.npmjs.org/@next/env/-/env-14.2.28.tgz. Extracting by manifest.
946 silly tarball no local data for motion-dom@https://registry.npmjs.org/motion-dom/-/motion-dom-12.42.2.tgz. Extracting by manifest.
947 silly tarball no local data for motion-utils@https://registry.npmjs.org/motion-utils/-/motion-utils-12.39.0.tgz. Extracting by manifest.
948 silly tarball no local data for @swc/helpers@https://registry.npmjs.org/@swc/helpers/-/helpers-0.5.5.tgz. Extracting by manifest.
949 silly tarball no local data for node-releases@https://registry.npmjs.org/node-releases/-/node-releases-2.0.51.tgz. Extracting by manifest.
950 silly tarball no local data for update-browserslist-db@https://registry.npmjs.org/update-browserslist-db/-/update-browserslist-db-1.2.3.tgz. Extracting by manifest.
951 silly tarball no local data for postcss-value-parser@https://registry.npmjs.org/postcss-value-parser/-/postcss-value-parser-4.2.0.tgz. Extracting by manifest.
952 silly tarball no local data for electron-to-chromium@https://registry.npmjs.org/electron-to-chromium/-/electron-to-chromium-1.5.392.tgz. Extracting by manifest.
953 silly tarball no local data for baseline-browser-mapping@https://registry.npmjs.org/baseline-browser-mapping/-/baseline-browser-mapping-2.10.43.tgz. Extracting by manifest.
954 silly tarball no local data for browserslist@https://registry.npmjs.org/browserslist/-/browserslist-4.28.6.tgz. Extracting by manifest.
955 silly tarball no local data for fraction.js@https://registry.npmjs.org/fraction.js/-/fraction.js-5.3.4.tgz. Extracting by manifest.
956 silly tarball no local data for caniuse-lite@https://registry.npmjs.org/caniuse-lite/-/caniuse-lite-1.0.30001806.tgz. Extracting by manifest.
957 silly tarball no local data for picocolors@https://registry.npmjs.org/picocolors/-/picocolors-1.1.1.tgz. Extracting by manifest.
958 silly tarball no local data for @supabase/phoenix@https://registry.npmjs.org/@supabase/phoenix/-/phoenix-0.4.5.tgz. Extracting by manifest.
959 silly tarball no local data for csstype@https://registry.npmjs.org/csstype/-/csstype-3.2.3.tgz. Extracting by manifest.
960 silly tarball no local data for @types/prop-types@https://registry.npmjs.org/@types/prop-types/-/prop-types-15.7.15.tgz. Extracting by manifest.
961 silly tarball no local data for @supabase/storage-js@https://registry.npmjs.org/@supabase/storage-js/-/storage-js-2.110.7.tgz. Extracting by manifest.
962 silly tarball no local data for @supabase/realtime-js@https://registry.npmjs.org/@supabase/realtime-js/-/realtime-js-2.110.7.tgz. Extracting by manifest.
963 silly tarball no local data for undici-types@https://registry.npmjs.org/undici-types/-/undici-types-6.21.0.tgz. Extracting by manifest.
964 silly tarball no local data for iceberg-js@https://registry.npmjs.org/iceberg-js/-/iceberg-js-0.8.1.tgz. Extracting by manifest.
965 silly tarball no local data for @supabase/functions-js@https://registry.npmjs.org/@supabase/functions-js/-/functions-js-2.110.7.tgz. Extracting by manifest.
966 silly tarball no local data for tslib@https://registry.npmjs.org/tslib/-/tslib-2.8.1.tgz. Extracting by manifest.
967 silly tarball no local data for @supabase/auth-js@https://registry.npmjs.org/@supabase/auth-js/-/auth-js-2.110.7.tgz. Extracting by manifest.
968 silly tarball no local data for tailwindcss@https://registry.npmjs.org/tailwindcss/-/tailwindcss-3.4.19.tgz. Extracting by manifest.
969 silly tarball no local data for react-dom@https://registry.npmjs.org/react-dom/-/react-dom-18.3.1.tgz. Extracting by manifest.
970 silly tarball no local data for typescript@https://registry.npmjs.org/typescript/-/typescript-5.9.3.tgz. Extracting by manifest.
971 silly tarball no local data for next@https://registry.npmjs.org/next/-/next-14.2.28.tgz. Extracting by manifest.
972 silly tarball no local data for react@https://registry.npmjs.org/react/-/react-18.3.1.tgz. Extracting by manifest.
973 silly tarball no local data for autoprefixer@https://registry.npmjs.org/autoprefixer/-/autoprefixer-10.5.4.tgz. Extracting by manifest.
974 silly tarball no local data for lucide-react@https://registry.npmjs.org/lucide-react/-/lucide-react-0.468.0.tgz. Extracting by manifest.
975 silly tarball no local data for postcss@https://registry.npmjs.org/postcss/-/postcss-8.5.19.tgz. Extracting by manifest.
976 silly tarball no local data for @supabase/postgrest-js@https://registry.npmjs.org/@supabase/postgrest-js/-/postgrest-js-2.110.7.tgz. Extracting by manifest.
977 silly tarball no local data for fdir@https://registry.npmjs.org/fdir/-/fdir-6.5.0.tgz. Extracting by manifest.
978 silly tarball no local data for framer-motion@https://registry.npmjs.org/framer-motion/-/framer-motion-12.42.2.tgz. Extracting by manifest.
979 silly tarball no local data for @supabase/supabase-js@https://registry.npmjs.org/@supabase/supabase-js/-/supabase-js-2.110.7.tgz. Extracting by manifest.
980 silly tarball no local data for @types/react-dom@https://registry.npmjs.org/@types/react-dom/-/react-dom-18.3.7.tgz. Extracting by manifest.
981 silly tarball no local data for picomatch@https://registry.npmjs.org/picomatch/-/picomatch-4.0.5.tgz. Extracting by manifest.
982 silly tarball no local data for @types/node@https://registry.npmjs.org/@types/node/-/node-22.20.1.tgz. Extracting by manifest.
983 silly tarball no local data for @types/react@https://registry.npmjs.org/@types/react/-/react-18.3.31.tgz. Extracting by manifest.
984 silly tarball no local data for glob-parent@https://registry.npmjs.org/glob-parent/-/glob-parent-5.1.2.tgz. Extracting by manifest.
985 silly tarball no local data for glob-parent@https://registry.npmjs.org/glob-parent/-/glob-parent-5.1.2.tgz. Extracting by manifest.
986 silly tarball no local data for postcss@https://registry.npmjs.org/postcss/-/postcss-8.4.31.tgz. Extracting by manifest.
987 http fetch GET 200 https://registry.npmjs.org/thenify-all/-/thenify-all-1.6.0.tgz 208ms (cache miss)
988 http fetch GET 200 https://registry.npmjs.org/object-assign/-/object-assign-4.1.1.tgz 209ms (cache miss)
989 http fetch GET 200 https://registry.npmjs.org/escalade/-/escalade-3.2.0.tgz 214ms (cache miss)
990 http fetch GET 200 https://registry.npmjs.org/thenify/-/thenify-3.3.1.tgz 215ms (cache miss)
991 http fetch GET 200 https://registry.npmjs.org/any-promise/-/any-promise-1.3.0.tgz 230ms (cache miss)
992 http fetch GET 200 https://registry.npmjs.org/is-number/-/is-number-7.0.0.tgz 246ms (cache miss)
993 http fetch POST 200 https://registry.npmjs.org/-/npm/v1/security/advisories/bulk 339ms
994 silly audit report {
994 silly audit report   postcss: [
994 silly audit report     {
994 silly audit report       id: 1117015,
994 silly audit report       url: 'https://github.com/advisories/GHSA-qx2v-qp2m-jg93',
994 silly audit report       title: 'PostCSS has XSS via Unescaped </style> in its CSS Stringify Output',
994 silly audit report       severity: 'moderate',
994 silly audit report       vulnerable_versions: '<8.5.10',
994 silly audit report       cwe: [Array],
994 silly audit report       cvss: [Object]
994 silly audit report     }
994 silly audit report   ],
994 silly audit report   next: [
994 silly audit report     {
994 silly audit report       id: 1117931,
994 silly audit report       url: 'https://github.com/advisories/GHSA-8h8q-6873-q5fj',
994 silly audit report       title: 'Next.js Vulnerable to Denial of Service with Server Components',
994 silly audit report       severity: 'high',
994 silly audit report       vulnerable_versions: '>=13.0.0 <15.5.16',
994 silly audit report       cwe: [Array],
994 silly audit report       cvss: [Object]
994 silly audit report     },
994 silly audit report     {
994 silly audit report       id: 1105461,
994 silly audit report       url: 'https://github.com/advisories/GHSA-3h52-269p-cp9r',
994 silly audit report       title: 'Information exposure in Next.js dev server due to lack of origin verification',
994 silly audit report       severity: 'low',
994 silly audit report       vulnerable_versions: '>=13.0 <14.2.30',
994 silly audit report       cwe: [Array],
994 silly audit report       cvss: [Object]
994 silly audit report     },
994 silly audit report     {
994 silly audit report       id: 1111391,
994 silly audit report       url: 'https://github.com/advisories/GHSA-mwv6-3258-q52c',
994 silly audit report       title: 'Next Vulnerable to Denial of Service with Server Components',
994 silly audit report       severity: 'high',
994 silly audit report       vulnerable_versions: '>=13.3.0 <14.2.34',
994 silly audit report       cwe: [Array],
994 silly audit report       cvss: [Object]
994 silly audit report     },
994 silly audit report     {
994 silly audit report       id: 1107226,
994 silly audit report       url: 'https://github.com/advisories/GHSA-g5qg-72qw-gw5v',
994 silly audit report       title: 'Next.js Affected by Cache Key Confusion for Image Optimization API Routes',
994 silly audit report       severity: 'moderate',
994 silly audit report       vulnerable_versions: '>=0.9.9 <14.2.31',
994 silly audit report       cwe: [Array],
994 silly audit report       cvss: [Object]
994 silly audit report     },
994 silly audit report     {
994 silly audit report       id: 1107512,
994 silly audit report       url: 'https://github.com/advisories/GHSA-4342-x723-ch2f',
994 silly audit report       title: 'Next.js Improper Middleware Redirect Handling Leads to SSRF',
994 silly audit report       severity: 'moderate',
994 silly audit report       vulnerable_versions: '>=0.9.9 <14.2.32',
994 silly audit report       cwe: [Array],
994 silly audit report       cvss: [Object]
994 silly audit report     },
994 silly audit report     {
994 silly audit report       id: 1107513,
994 silly audit report       url: 'https://github.com/advisories/GHSA-xv57-4mr9-wg8v',
994 silly audit report       title: 'Next.js Content Injection Vulnerability for Image Optimization',
994 silly audit report       severity: 'moderate',
994 silly audit report       vulnerable_versions: '>=0.9.9 <14.2.31',
994 silly audit report       cwe: [Array],
994 silly audit report       cvss: [Object]
994 silly audit report     },
994 silly audit report     {
994 silly audit report       id: 1112182,
994 silly audit report       url: 'https://github.com/advisories/GHSA-5j59-xgg2-r9c4',
994 silly audit report       title: 'Next has a Denial of Service with Server Components - Incomplete Fix Follow-Up',
994 silly audit report       severity: 'high',
994 silly audit report       vulnerable_versions: '>=13.3.1-canary.0 <14.2.35',
994 silly audit report       cwe: [Array],
994 silly audit report       cvss: [Object]
994 silly audit report     },
994 silly audit report     {
994 silly audit report       id: 1118942,
994 silly audit report       url: 'https://github.com/advisories/GHSA-3g8h-86w9-wvmq',
994 silly audit report       title: "Next.js's Middleware / Proxy redirects can be cache-poisoned",
994 silly audit report       severity: 'low',
994 silly audit report       vulnerable_versions: '>=12.2.0 <15.5.16',
994 silly audit report       cwe: [Array],
994 silly audit report       cvss: [Object]
994 silly audit report     },
994 silly audit report     {
994 silly audit report       id: 1118944,
994 silly audit report       url: 'https://github.com/advisories/GHSA-ffhc-5mcf-pf4q',
994 silly audit report       title: 'Next.js vulnerable to cross-site scripting in App Router applications using CSP nonces',
994 silly audit report       severity: 'moderate',
994 silly audit report       vulnerable_versions: '>=13.4.0 <15.5.16',
994 silly audit report       cwe: [Array],
994 silly audit report       cvss: [Object]
994 silly audit report     },
994 silly audit report     {
994 silly audit report       id: 1118946,
994 silly audit report       url: 'https://github.com/advisories/GHSA-vfv6-92ff-j949',
994 silly audit report       title: 'Next.js vulnerable to cache poisoning via collisions in React Server Component cache-busting',
994 silly audit report       severity: 'low',
994 silly audit report       vulnerable_versions: '>=13.4.6 <15.5.16',
994 silly audit report       cwe: [Array],
994 silly audit report       cvss: [Object]
994 silly audit report     },
994 silly audit report     {
994 silly audit report       id: 1118948,
994 silly audit report       url: 'https://github.com/advisories/GHSA-gx5p-jg67-6x7h',
994 silly audit report       title: 'Next.js has cross-site scripting in beforeInteractive scripts with untrusted input',
994 silly audit report       severity: 'moderate',
994 silly audit report       vulnerable_versions: '>=13.0.0 <15.5.16',
994 silly audit report       cwe: [Array],
994 silly audit report       cvss: [Object]
994 silly audit report     },
994 silly audit report     {
994 silly audit report       id: 1118952,
994 silly audit report       url: 'https://github.com/advisories/GHSA-h64f-5h5j-jqjh',
994 silly audit report       title: 'Next.js has a Denial of Service in the Image Optimization API',
994 silly audit report       severity: 'moderate',
994 silly audit report       vulnerable_versions: '>=10.0.0 <15.5.16',
994 silly audit report       cwe: [Array],
994 silly audit report       cvss: [Object]
994 silly audit report     },
994 silly audit report     {
994 silly audit report       id: 1118954,
994 silly audit report       url: 'https://github.com/advisories/GHSA-c4j6-fc7j-m34r',
994 silly audit report       title: 'Next.js vulnerable to server-side request forgery in applications using WebSocket upgrades',
994 silly audit report       severity: 'high',
994 silly audit report       vulnerable_versions: '>=13.4.13 <15.5.16',
994 silly audit report       cwe: [Array],
994 silly audit report       cvss: [Object]
994 silly audit report     },
994 silly audit report     {
994 silly audit report       id: 1118958,
994 silly audit report       url: 'https://github.com/advisories/GHSA-wfc6-r584-vfw7',
994 silly audit report       title: 'Next.js vulnerable to cache poisoning in React Server Component responses',
994 silly audit report       severity: 'moderate',
994 silly audit report       vulnerable_versions: '>=14.2.0 <15.5.16',
994 silly audit report       cwe: [Array],
994 silly audit report       cvss: [Object]
994 silly audit report     },
994 silly audit report     {
994 silly audit report       id: 1118962,
994 silly audit report       url: 'https://github.com/advisories/GHSA-36qx-fr4f-26g5',
994 silly audit report       title: 'Next.js has a Middleware / Proxy bypass in Pages Router applications using i18n',
994 silly audit report       severity: 'high',
994 silly audit report       vulnerable_versions: '>=12.2.0 <15.5.16',
994 silly audit report       cwe: [Array],
994 silly audit report       cvss: [Object]
994 silly audit report     },
994 silly audit report     {
994 silly audit report       id: 1112593,
994 silly audit report       url: 'https://github.com/advisories/GHSA-9g9p-9gw9-jx7f',
994 silly audit report       title: 'Next.js self-hosted applications vulnerable to DoS via Image Optimizer remotePatterns configuration',
994 silly audit report       severity: 'moderate',
994 silly audit report       vulnerable_versions: '>=10.0.0 <15.5.10',
994 silly audit report       cwe: [Array],
994 silly audit report       cvss: [Object]
994 silly audit report     },
994 silly audit report     {
994 silly audit report       id: 1112653,
994 silly audit report       url: 'https://github.com/advisories/GHSA-h25m-26qc-wcjf',
994 silly audit report       title: 'Next.js HTTP request deserialization can lead to DoS when using insecure React Server Components',
994 silly audit report       severity: 'high',
994 silly audit report       vulnerable_versions: '>=13.0.0 <15.0.8',
994 silly audit report       cwe: [Array],
994 silly audit report       cvss: [Object]
994 silly audit report     },
994 silly audit report     {
994 silly audit report       id: 1114897,
994 silly audit report       url: 'https://github.com/advisories/GHSA-ggv3-7p47-pfv8',
994 silly audit report       title: 'Next.js: HTTP request smuggling in rewrites',
994 silly audit report       severity: 'moderate',
994 silly audit report       vulnerable_versions: '>=9.5.0 <15.5.13',
994 silly audit report       cwe: [Array],
994 silly audit report       cvss: [Object]
994 silly audit report     },
994 silly audit report     {
994 silly audit report       id: 1114940,
994 silly audit report       url: 'https://github.com/advisories/GHSA-3x4c-7xq6-9pq8',
994 silly audit report       title: 'Next.js: Unbounded next/image disk cache growth can exhaust storage',
994 silly audit report       severity: 'moderate',
994 silly audit report       vulnerable_versions: '>=10.0.0 <15.5.14',
994 silly audit report       cwe: [Array],
994 silly audit report       cvss: [Object]
994 silly audit report     },
994 silly audit report     {
994 silly audit report       id: 1116376,
994 silly audit report       url: 'https://github.com/advisories/GHSA-q4gf-8mx6-v5v3',
994 silly audit report       title: 'Next.js has a Denial of Service with Server Components',
994 silly audit report       severity: 'high',
994 silly audit report       vulnerable_versions: '>=13.0.0 <15.5.15',
994 silly audit report       cwe: [Array],
994 silly audit report       cvss: [Object]
994 silly audit report     }
994 silly audit report   ]
994 silly audit report }
995 silly packumentCache corgi:https://registry.npmjs.org/postcss cache-miss
996 silly packumentCache corgi:https://registry.npmjs.org/next cache-miss
997 http fetch GET 200 https://registry.npmjs.org/function-bind/-/function-bind-1.1.2.tgz 370ms (cache miss)
998 http fetch GET 200 https://registry.npmjs.org/mz/-/mz-2.7.0.tgz 386ms (cache miss)
999 http fetch GET 200 https://registry.npmjs.org/hasown/-/hasown-2.0.4.tgz 416ms (cache miss)
1000 http fetch GET 200 https://registry.npmjs.org/supports-preserve-symlinks-flag/-/supports-preserve-symlinks-flag-1.0.0.tgz 416ms (cache miss)
1001 http fetch GET 200 https://registry.npmjs.org/queue-microtask/-/queue-microtask-1.2.3.tgz 419ms (cache miss)
1002 http fetch GET 200 https://registry.npmjs.org/path-parse/-/path-parse-1.0.7.tgz 462ms (cache miss)
1003 http fetch GET 200 https://registry.npmjs.org/pify/-/pify-2.3.0.tgz 502ms (cache miss)
1004 http fetch GET 200 https://registry.npmjs.org/es-errors/-/es-errors-1.3.0.tgz 524ms (cache miss)
1005 http fetch GET 200 https://registry.npmjs.org/cssesc/-/cssesc-3.0.0.tgz 557ms (cache miss)
1006 http fetch GET 200 https://registry.npmjs.org/util-deprecate/-/util-deprecate-1.0.2.tgz 606ms (cache miss)
1007 http fetch GET 200 https://registry.npmjs.org/commander/-/commander-4.1.1.tgz 635ms (cache miss)
1008 http fetch GET 200 https://registry.npmjs.org/camelcase-css/-/camelcase-css-2.0.1.tgz 631ms (cache miss)
1009 http fetch GET 200 https://registry.npmjs.org/is-extglob/-/is-extglob-2.1.1.tgz 649ms (cache miss)
1010 http fetch GET 200 https://registry.npmjs.org/read-cache/-/read-cache-1.0.0.tgz 688ms (cache miss)
1011 http fetch GET 200 https://registry.npmjs.org/to-regex-range/-/to-regex-range-5.0.1.tgz 710ms (cache miss)
1012 http fetch GET 200 https://registry.npmjs.org/fill-range/-/fill-range-7.1.1.tgz 707ms (cache miss)
1013 http fetch GET 200 https://registry.npmjs.org/binary-extensions/-/binary-extensions-2.3.0.tgz 752ms (cache miss)
1014 http fetch GET 200 https://registry.npmjs.org/reusify/-/reusify-1.1.0.tgz 752ms (cache miss)
1015 http fetch GET 200 https://registry.npmjs.org/is-binary-path/-/is-binary-path-2.1.0.tgz 789ms (cache miss)
1016 http fetch GET 200 https://registry.npmjs.org/fastq/-/fastq-1.20.1.tgz 795ms (cache miss)
1017 http fetch GET 200 https://registry.npmjs.org/lines-and-columns/-/lines-and-columns-1.2.4.tgz 829ms (cache miss)
1018 http fetch GET 200 https://registry.npmjs.org/merge2/-/merge2-1.4.1.tgz 819ms (cache miss)
1019 http fetch GET 200 https://registry.npmjs.org/readdirp/-/readdirp-3.6.0.tgz 821ms (cache miss)
1020 http fetch GET 200 https://registry.npmjs.org/pirates/-/pirates-4.0.7.tgz 836ms (cache miss)
1021 http fetch GET 200 https://registry.npmjs.org/run-parallel/-/run-parallel-1.2.0.tgz 867ms (cache miss)
1022 http fetch GET 200 https://registry.npmjs.org/normalize-path/-/normalize-path-3.0.0.tgz 859ms (cache miss)
1023 http fetch GET 200 https://registry.npmjs.org/postcss-nested/-/postcss-nested-6.2.0.tgz 909ms (cache miss)
1024 http fetch GET 200 https://registry.npmjs.org/postcss-import/-/postcss-import-15.1.0.tgz 909ms (cache miss)
1025 http fetch GET 200 https://registry.npmjs.org/postcss-js/-/postcss-js-4.1.0.tgz 912ms (cache miss)
1026 http fetch GET 200 https://registry.npmjs.org/anymatch/-/anymatch-3.1.3.tgz 968ms (cache miss)
1027 http fetch GET 200 https://registry.npmjs.org/micromatch/-/micromatch-4.0.8.tgz 967ms (cache miss)
1028 http fetch GET 200 https://registry.npmjs.org/didyoumean/-/didyoumean-1.2.2.tgz 970ms (cache miss)
1029 http fetch GET 200 https://registry.npmjs.org/lilconfig/-/lilconfig-3.1.3.tgz 1006ms (cache miss)
1030 http fetch GET 200 https://registry.npmjs.org/client-only/-/client-only-0.0.1.tgz 1000ms (cache miss)
1031 http fetch GET 200 https://registry.npmjs.org/glob-parent/-/glob-parent-6.0.2.tgz 1023ms (cache miss)
1032 http fetch GET 200 https://registry.npmjs.org/is-glob/-/is-glob-4.0.3.tgz 1046ms (cache miss)
1033 http fetch GET 200 https://registry.npmjs.org/arg/-/arg-5.0.2.tgz 1043ms (cache miss)
1034 http fetch GET 200 https://registry.npmjs.org/js-tokens/-/js-tokens-4.0.0.tgz 1043ms (cache miss)
1035 http fetch GET 200 https://registry.npmjs.org/loose-envify/-/loose-envify-1.4.0.tgz 1042ms (cache miss)
1036 http fetch GET 200 https://registry.npmjs.org/is-core-module/-/is-core-module-2.16.2.tgz 1090ms (cache miss)
1037 http fetch GET 200 https://registry.npmjs.org/nanoid/-/nanoid-3.3.16.tgz 1069ms (cache miss)
1038 http fetch GET 200 https://registry.npmjs.org/object-hash/-/object-hash-3.0.0.tgz 1125ms (cache miss)
1039 http fetch GET 200 https://registry.npmjs.org/@alloc/quick-lru/-/quick-lru-5.2.0.tgz 1140ms (cache miss)
1040 http fetch GET 200 https://registry.npmjs.org/tinyglobby/-/tinyglobby-0.2.17.tgz 1227ms (cache miss)
1041 http fetch GET 200 https://registry.npmjs.org/picocolors/-/picocolors-1.1.1.tgz 1188ms (cache miss)
1042 http fetch GET 200 https://registry.npmjs.org/@types/prop-types/-/prop-types-15.7.15.tgz 1233ms (cache miss)
1043 http fetch GET 200 https://registry.npmjs.org/graceful-fs/-/graceful-fs-4.2.11.tgz 1303ms (cache miss)
1044 http fetch GET 200 https://registry.npmjs.org/node-releases/-/node-releases-2.0.51.tgz 1314ms (cache miss)
1045 http fetch GET 200 https://registry.npmjs.org/@swc/counter/-/counter-0.1.3.tgz 1382ms (cache miss)
1046 http fetch GET 200 https://registry.npmjs.org/@jridgewell/resolve-uri/-/resolve-uri-3.1.2.tgz 1456ms (cache miss)
1047 http fetch GET 200 https://registry.npmjs.org/update-browserslist-db/-/update-browserslist-db-1.2.3.tgz 1417ms (cache miss)
1048 http fetch GET 200 https://registry.npmjs.org/ts-interface-checker/-/ts-interface-checker-0.1.13.tgz 1483ms (cache miss)
1049 http fetch GET 200 https://registry.npmjs.org/chokidar/-/chokidar-3.6.0.tgz 1497ms (cache miss)
1050 http fetch GET 200 https://registry.npmjs.org/dlv/-/dlv-1.1.3.tgz 1509ms (cache miss)
1051 http fetch GET 200 https://registry.npmjs.org/glob-parent/-/glob-parent-5.1.2.tgz 1468ms (cache miss)
1052 http fetch GET 200 https://registry.npmjs.org/@next/env/-/env-14.2.28.tgz 1503ms (cache miss)
1053 http fetch GET 200 https://registry.npmjs.org/glob-parent/-/glob-parent-5.1.2.tgz 1485ms (cache miss)
1054 http fetch GET 200 https://registry.npmjs.org/braces/-/braces-3.0.3.tgz 1543ms (cache miss)
1055 http fetch GET 200 https://registry.npmjs.org/@types/react-dom/-/react-dom-18.3.7.tgz 1514ms (cache miss)
1056 http fetch GET 200 https://registry.npmjs.org/postcss-load-config/-/postcss-load-config-6.0.1.tgz 1552ms (cache miss)
1057 http fetch GET 200 https://registry.npmjs.org/streamsearch/-/streamsearch-1.1.0.tgz 1541ms (cache miss)
1058 http fetch GET 200 https://registry.npmjs.org/fdir/-/fdir-6.5.0.tgz 1580ms (cache miss)
1059 http fetch GET 200 https://registry.npmjs.org/browserslist/-/browserslist-4.28.6.tgz 1604ms (cache miss)
1060 http fetch GET 200 https://registry.npmjs.org/postcss-value-parser/-/postcss-value-parser-4.2.0.tgz 1627ms (cache miss)
1061 http fetch GET 200 https://registry.npmjs.org/baseline-browser-mapping/-/baseline-browser-mapping-2.10.43.tgz 1672ms (cache miss)
1062 http fetch GET 200 https://registry.npmjs.org/picomatch/-/picomatch-2.3.2.tgz 1799ms (cache miss)
1063 http fetch GET 200 https://registry.npmjs.org/iceberg-js/-/iceberg-js-0.8.1.tgz 1770ms (cache miss)
1064 http fetch GET 200 https://registry.npmjs.org/postcss 1572ms (cache miss)
1065 silly packumentCache corgi:https://registry.npmjs.org/postcss set size:undefined disposed:false
1066 http fetch GET 200 https://registry.npmjs.org/picomatch/-/picomatch-4.0.5.tgz 1801ms (cache miss)
1067 http fetch GET 200 https://registry.npmjs.org/tslib/-/tslib-2.8.1.tgz 1857ms (cache miss)
1068 http fetch GET 200 https://registry.npmjs.org/@nodelib/fs.stat/-/fs.stat-2.0.5.tgz 1993ms (cache miss)
1069 http fetch GET 200 https://registry.npmjs.org/electron-to-chromium/-/electron-to-chromium-1.5.392.tgz 1982ms (cache miss)
1070 http fetch GET 200 https://registry.npmjs.org/scheduler/-/scheduler-0.23.2.tgz 2028ms (cache miss)
1071 http fetch GET 200 https://registry.npmjs.org/csstype/-/csstype-3.2.3.tgz 2133ms (cache miss)
1072 http fetch GET 200 https://registry.npmjs.org/source-map-js/-/source-map-js-1.2.1.tgz 2213ms (cache miss)
1073 http fetch GET 200 https://registry.npmjs.org/@types/react/-/react-18.3.31.tgz 2227ms (cache miss)
1074 http fetch GET 200 https://registry.npmjs.org/fraction.js/-/fraction.js-5.3.4.tgz 2312ms (cache miss)
1075 http fetch GET 200 https://registry.npmjs.org/busboy/-/busboy-1.6.0.tgz 2350ms (cache miss)
1076 http fetch GET 200 https://registry.npmjs.org/react/-/react-18.3.1.tgz 2339ms (cache miss)
1077 http fetch GET 200 https://registry.npmjs.org/@nodelib/fs.scandir/-/fs.scandir-2.1.5.tgz 2474ms (cache miss)
1078 http fetch GET 200 https://registry.npmjs.org/styled-jsx/-/styled-jsx-5.1.1.tgz 2498ms (cache miss)
1079 http fetch GET 200 https://registry.npmjs.org/@jridgewell/sourcemap-codec/-/sourcemap-codec-1.5.5.tgz 2550ms (cache miss)
1080 http fetch GET 200 https://registry.npmjs.org/@nodelib/fs.walk/-/fs.walk-1.2.8.tgz 2564ms (cache miss)
1081 http fetch GET 200 https://registry.npmjs.org/undici-types/-/undici-types-6.21.0.tgz 2576ms (cache miss)
1082 http fetch GET 200 https://registry.npmjs.org/@jridgewell/gen-mapping/-/gen-mapping-0.3.13.tgz 2622ms (cache miss)
1083 http fetch GET 200 https://registry.npmjs.org/jiti/-/jiti-1.21.7.tgz 2900ms (cache miss)
1084 http fetch GET 200 https://registry.npmjs.org/@supabase/supabase-js/-/supabase-js-2.110.7.tgz 3083ms (cache miss)
1085 http fetch GET 200 https://registry.npmjs.org/postcss-selector-parser/-/postcss-selector-parser-6.1.4.tgz 3165ms (cache miss)
1086 http fetch GET 200 https://registry.npmjs.org/@supabase/postgrest-js/-/postgrest-js-2.110.7.tgz 3156ms (cache miss)
1087 http fetch GET 200 https://registry.npmjs.org/@supabase/storage-js/-/storage-js-2.110.7.tgz 3174ms (cache miss)
1088 http fetch GET 200 https://registry.npmjs.org/@jridgewell/trace-mapping/-/trace-mapping-0.3.31.tgz 3239ms (cache miss)
1089 http fetch GET 200 https://registry.npmjs.org/postcss/-/postcss-8.5.19.tgz 3328ms (cache miss)
1090 http fetch GET 200 https://registry.npmjs.org/postcss/-/postcss-8.4.31.tgz 3350ms (cache miss)
1091 http fetch GET 200 https://registry.npmjs.org/@supabase/functions-js/-/functions-js-2.110.7.tgz 3541ms (cache miss)
1092 http fetch GET 200 https://registry.npmjs.org/fast-glob/-/fast-glob-3.3.3.tgz 3625ms (cache miss)
1093 http fetch GET 200 https://registry.npmjs.org/react-dom/-/react-dom-18.3.1.tgz 3807ms (cache miss)
1094 http fetch GET 200 https://registry.npmjs.org/@supabase/phoenix/-/phoenix-0.4.5.tgz 3820ms (cache miss)
1095 http fetch GET 200 https://registry.npmjs.org/@types/node/-/node-22.20.1.tgz 3996ms (cache miss)
1096 http fetch GET 200 https://registry.npmjs.org/motion-utils/-/motion-utils-12.39.0.tgz 4052ms (cache miss)
1097 http fetch GET 200 https://registry.npmjs.org/autoprefixer/-/autoprefixer-10.5.4.tgz 4137ms (cache miss)
1098 http fetch GET 200 https://registry.npmjs.org/resolve/-/resolve-1.22.12.tgz 4508ms (cache miss)
1099 http fetch GET 200 https://registry.npmjs.org/@supabase/realtime-js/-/realtime-js-2.110.7.tgz 5199ms (cache miss)
1100 http fetch GET 200 https://registry.npmjs.org/next 5158ms (cache miss)
1101 silly packumentCache corgi:https://registry.npmjs.org/next set size:undefined disposed:false
1102 http fetch GET 200 https://registry.npmjs.org/sucrase/-/sucrase-3.35.1.tgz 8499ms (cache miss)
1103 http fetch GET 200 https://registry.npmjs.org/@supabase/auth-js/-/auth-js-2.110.7.tgz 8708ms (cache miss)
1104 http fetch GET 200 https://registry.npmjs.org/tailwindcss/-/tailwindcss-3.4.19.tgz 8865ms (cache miss)
1105 http fetch GET 200 https://registry.npmjs.org/typescript/-/typescript-5.9.3.tgz 8970ms (cache miss)
1106 http fetch GET 200 https://registry.npmjs.org/@swc/helpers/-/helpers-0.5.5.tgz 9130ms (cache miss)
1107 http fetch GET 200 https://registry.npmjs.org/framer-motion/-/framer-motion-12.42.2.tgz 10242ms (cache miss)
1108 http fetch GET 200 https://registry.npmjs.org/motion-dom/-/motion-dom-12.42.2.tgz 10902ms (cache miss)
1109 http fetch GET 200 https://registry.npmjs.org/@next/swc-win32-x64-msvc/-/swc-win32-x64-msvc-14.2.28.tgz 11460ms (cache miss)
1110 http fetch GET 200 https://registry.npmjs.org/caniuse-lite/-/caniuse-lite-1.0.30001806.tgz 11529ms (cache miss)
1111 http fetch GET 200 https://registry.npmjs.org/lucide-react/-/lucide-react-0.468.0.tgz 20480ms (cache miss)
1112 http fetch GET 200 https://registry.npmjs.org/next/-/next-14.2.28.tgz 33631ms (cache miss)
1113 warn deprecated next@14.2.28: This version has a security vulnerability. Please upgrade to a patched version. See https://nextjs.org/blog/security-update-2025-12-11 for more details.
1114 silly ADD node_modules/escalade
1115 silly ADD node_modules/is-number
1116 silly ADD node_modules/thenify
1117 silly ADD node_modules/thenify-all
1118 silly ADD node_modules/object-assign
1119 silly ADD node_modules/any-promise
1120 silly ADD node_modules/@jridgewell/resolve-uri
1121 silly ADD node_modules/@jridgewell/trace-mapping
1122 silly ADD node_modules/@jridgewell/sourcemap-codec
1123 silly ADD node_modules/ts-interface-checker
1124 silly ADD node_modules/tinyglobby
1125 silly ADD node_modules/tinyglobby/node_modules/picomatch
1126 silly ADD node_modules/tinyglobby/node_modules/fdir
1127 silly ADD node_modules/pirates
1128 silly ADD node_modules/mz
1129 silly ADD node_modules/lines-and-columns
1130 silly ADD node_modules/commander
1131 silly ADD node_modules/@jridgewell/gen-mapping
1132 silly ADD node_modules/queue-microtask
1133 silly ADD node_modules/function-bind
1134 silly ADD node_modules/hasown
1135 silly ADD node_modules/supports-preserve-symlinks-flag
1136 silly ADD node_modules/path-parse
1137 silly ADD node_modules/is-core-module
1138 silly ADD node_modules/es-errors
1139 silly ADD node_modules/pify
1140 silly ADD node_modules/util-deprecate
1141 silly ADD node_modules/cssesc
1142 silly ADD node_modules/camelcase-css
1143 silly ADD node_modules/read-cache
1144 silly ADD node_modules/is-extglob
1145 silly ADD node_modules/binary-extensions
1146 silly ADD node_modules/to-regex-range
1147 silly ADD node_modules/reusify
1148 silly ADD node_modules/run-parallel
1149 silly ADD node_modules/fastq
1150 silly ADD node_modules/@nodelib/fs.scandir
1151 silly ADD node_modules/merge2
1152 silly ADD node_modules/@nodelib/fs.walk
1153 silly ADD node_modules/@nodelib/fs.stat
1154 silly ADD node_modules/fill-range
1155 silly ADD node_modules/picomatch
1156 silly ADD node_modules/readdirp
1157 silly ADD node_modules/is-binary-path
1158 silly ADD node_modules/braces
1159 silly ADD node_modules/anymatch
1160 silly ADD node_modules/sucrase
1161 silly ADD node_modules/resolve
1162 silly ADD node_modules/postcss-selector-parser
1163 silly ADD node_modules/postcss-nested
1164 silly ADD node_modules/postcss-load-config
1165 silly ADD node_modules/postcss-js
1166 silly ADD node_modules/postcss-import
1167 silly ADD node_modules/object-hash
1168 silly ADD node_modules/normalize-path
1169 silly ADD node_modules/micromatch
1170 silly ADD node_modules/lilconfig
1171 silly ADD node_modules/jiti
1172 silly ADD node_modules/is-glob
1173 silly ADD node_modules/glob-parent
1174 silly ADD node_modules/fast-glob
1175 silly ADD node_modules/fast-glob/node_modules/glob-parent
1176 silly ADD node_modules/dlv
1177 silly ADD node_modules/didyoumean
1178 silly ADD node_modules/chokidar
1179 silly ADD node_modules/chokidar/node_modules/glob-parent
1180 silly ADD node_modules/arg
1181 silly ADD node_modules/@alloc/quick-lru
1182 silly ADD node_modules/client-only
1183 silly ADD node_modules/scheduler
1184 silly ADD node_modules/js-tokens
1185 silly ADD node_modules/loose-envify
1186 silly ADD node_modules/source-map-js
1187 silly ADD node_modules/nanoid
1188 silly ADD node_modules/streamsearch
1189 silly ADD node_modules/@swc/counter
1190 silly ADD node_modules/styled-jsx
1191 silly ADD node_modules/graceful-fs
1192 silly ADD node_modules/busboy
1193 silly ADD node_modules/@swc/helpers
1194 silly ADD node_modules/@next/swc-win32-x64-msvc
1195 silly ADD node_modules/@next/env
1196 silly ADD node_modules/motion-utils
1197 silly ADD node_modules/motion-dom
1198 silly ADD node_modules/update-browserslist-db
1199 silly ADD node_modules/node-releases
1200 silly ADD node_modules/electron-to-chromium
1201 silly ADD node_modules/baseline-browser-mapping
1202 silly ADD node_modules/postcss-value-parser
1203 silly ADD node_modules/picocolors
1204 silly ADD node_modules/fraction.js
1205 silly ADD node_modules/caniuse-lite
1206 silly ADD node_modules/browserslist
1207 silly ADD node_modules/csstype
1208 silly ADD node_modules/@types/prop-types
1209 silly ADD node_modules/undici-types
1210 silly ADD node_modules/iceberg-js
1211 silly ADD node_modules/@supabase/phoenix
1212 silly ADD node_modules/tslib
1213 silly ADD node_modules/@supabase/storage-js
1214 silly ADD node_modules/@supabase/realtime-js
1215 silly ADD node_modules/@supabase/postgrest-js
1216 silly ADD node_modules/@supabase/functions-js
1217 silly ADD node_modules/@supabase/auth-js
1218 silly ADD node_modules/typescript
1219 silly ADD node_modules/tailwindcss
1220 silly ADD node_modules/react-dom
1221 silly ADD node_modules/next
1222 silly ADD node_modules/next/node_modules/postcss
1223 silly ADD node_modules/react
1224 silly ADD node_modules/lucide-react
1225 silly ADD node_modules/framer-motion
1226 silly ADD node_modules/postcss
1227 silly ADD node_modules/autoprefixer
1228 silly ADD node_modules/@types/react-dom
1229 silly ADD node_modules/@types/react
1230 silly ADD node_modules/@types/node
1231 silly ADD node_modules/@supabase/supabase-js
1232 verbose cwd C:\Users\romil\Documents\Codex\2026-07-16\project-estatehub-local-real-estate-listing
1233 verbose os Windows_NT 10.0.26200
1234 verbose node v24.16.0
1235 verbose npm  v11.13.0
1236 notice
1236 notice New major version of npm available! 11.13.0 -> 12.0.1
1236 notice Changelog: https://github.com/npm/cli/releases/tag/v12.0.1
1236 notice To update run: npm install -g npm@12.0.1
1236 notice  { force: true, Symbol(proc-log.meta): true }
1237 verbose exit 0
1238 info ok
